"","GN","filter_all_group","route_djev_1_1","route_djev_1_2","route_djev_2_1","route_djev_2_2","route_djev_3_1","route_djev_3_2","skill_avi","skill_ski","skill_avi_3l","skill_ski_3l","skill_avi_numeric","skill_ski_numeric","soc_6_1","soc_6_2","soc_6_3","soc_6_4","soc_6_3_reversed_NEW","soc_6_4_reversed_NEW","soc_6_5","soc_6_6","soc_total","g_dynamics","g_trust_1","g_confidence_1","age","bc_years_4","bc_days","birthy","sex","area_days","No","filter_full_group","Num","RecordedDate","goal_11_TEXT","StartDate","EndDate","Status","Progress","Duration__in_seconds_","group_nr","Finished","Day","Day_coded","n_people","firstime","Version","gear","g_leader","g_leader_you","goal_12","goal_1","goal_2","goal_3","goal_4","goal_5","goal_6","goal_7","goal_8","goal_9","goal_10","goal_11","goal_11_presence","goal_num","forecast","ates","mountain_1","mountain_2","mountain_3","route_skit_1_1","route_skit_1_2","route_skit_2_1","route_skit_2_2","route_skit_3_1","route_skit_3_2","route_skit_4_1","route_skit_4_2","n_trips_skit","n_trips_dje","TotalTotal","route_stor_1_2","route_stor_2_1","route_stor_2_2","route_stor_3_1","route_stor_3_2","route_stor_4_1","route_stor_4_2","route_stor_5_1","route_stor_5_2","route_stor_6_1","route_stor_6_2","n_trips_stor","aviprob_exp_10","aviprob_exp_1","aviprob_exp_2","aviprob_exp_3","aviprob_exp_4","aviprob_exp_5","aviprob_exp_6","aviprob_exp_7","aviprob_exp_8","aviprob_exp_9","factor_plan_99","factor_plan_1","factor_plan_2","factor_plan_3","factor_plan_4","factor_plan_5","factor_plan_6","factor_plan_7","factor_plan_8","factor_plan_9","factor_plan_10","factor_plan_11","factor_plan_12","factor_plan_13","factor_plan_14","factor_plan_15","factor_plan_16","factor_plan_17","factor_plan_18","factor_plan_19","factor_plan_20","factor_plan_21","factor_plan_22","factor_freq_dic","factor_freq_1","factor_freq_2","factor_freq_3","factor_freq_4","factor_freq_5","factor_freq_6","factor_freq_7","factor_freq_8","factor_freq_9","factor_freq_10","factor_freq_11","factor_freq_12","factor_freq_13","factor_freq_14","factor_freq_15","factor_freq_16","factor_freq_17","factor_freq_18","factor_freq_19","factor_freq_20","factor_freq_21","factor_freq_22","factor_freq_23","dp_dic","s_t_g_dm_1","s_t_g_dm_2","s_t_g_dm_3","mapphoto","multi_mountains","dpoint_map_skit_1_x","dpoint_map_skit_1_y","dpoint_photo_skit_1_x","dpoint_photo_skit_1_y","dpoint_map_djev_1_x","dpoint_map_djev_1_y","dpoint_photo_djev_1_x","dpoint_photo_djev_1_y","dpoint_map_stor_1_x","dpoint_map_stor_1_y","dpoint_photo_stor_1_x","dpoint_photo_stor_1_y","decision","aviprob_dm_99","aviprob_dm_98","aviprob_dm_9","aviprob_dm_1","aviprob_dm_2","aviprob_dm_3","aviprob_dm_4","aviprob_dm_5","aviprob_dm_6","aviprob_dm_7","factor_detail_4","factor_detail_5","factor_detail_6","factor_detail_7","factor_detail_8","factor_detail_9","factor_detail_10","factor_detail_11","factor_detail_12","factor_detail_13","factor_detail_14","factor_detail_15","factor_detail_16","factor_detail_17","factor_detail_18","factor_detail_19","factor_detail_20","factor_detail_21","factor_detail_22","factor_detail_23","factor_detail_24","factor_detail_25","factor_detail_26","social_binary","aviprob_exp_number","aviprob_dm_number","factor_detail_number","group_number_size"
"1","A1",1,NA,NA,NA,NA,NA,NA,5,6,3,3,5,6,5,5,1,4,NA,NA,4,5,26,5,5,7,29,20,399,1993,2,4,25,1,25,2022-03-26 13:30:43,"-99",2018-03-05 19:34:11,2018-03-05 19:50:39,16,100,987,"",1,"
26-Mar-22",1,2,1,1,1,NA,NA,0,0,0,0,1,1,0,1,0,0,0,0,NA,3,1,3,1,NA,NA,1,1,NA,NA,NA,NA,NA,NA,NA,NA,NA,NA,NA,NA,NA,NA,NA,NA,NA,NA,NA,NA,NA,0,0,0,0,1,1,0,0,0,0,0,0,1,1,0,1,1,0,0,0,0,0,0,0,1,1,0,0,0,0,0,0,1,2,NA,NA,7,5,NA,5,7,NA,NA,NA,NA,NA,NA,NA,7,3,NA,NA,NA,NA,NA,NA,1,1,1,1,0,1,NA,188,80,NA,NA,NA,NA,NA,NA,NA,NA,NA,NA,4,0,0,0,0,0,1,0,0,0,0,NA,NA,NA,NA,NA,NA,NA,NA,NA,NA,NA,NA,NA,NA,NA,NA,NA,NA,NA,NA,NA,NA,NA,"high",2,1,0,"small"
"2","A1",1,NA,NA,NA,NA,NA,NA,4,4,2,2,4,4,5,5,4,2,NA,NA,5,5,26,4,4,6,29,15,309,1993,2,4,36,1,36,2022-03-26 13:32:52,"-99",2022-03-26 04:57:07,2022-03-26 05:06:59,16,100,592,"",1,"
26-Mar-22",1,2,1,1,1,NA,NA,0,0,1,0,0,0,1,1,0,0,0,0,NA,3,1,4,1,NA,NA,1,1,NA,NA,NA,NA,NA,NA,NA,NA,NA,NA,NA,NA,NA,NA,NA,NA,NA,NA,NA,NA,NA,0,0,0,0,1,1,1,0,0,1,0,0,1,0,0,1,0,0,0,0,0,1,1,0,0,0,0,0,0,0,0,0,0,1,NA,NA,NA,NA,NA,NA,NA,NA,NA,NA,NA,NA,NA,NA,NA,NA,NA,NA,NA,NA,NA,NA,NA,2,NA,NA,NA,NA,NA,NA,NA,NA,NA,NA,NA,NA,NA,NA,NA,NA,NA,NA,NA,NA,NA,NA,NA,NA,NA,NA,NA,NA,NA,NA,NA,NA,NA,NA,NA,NA,NA,NA,NA,NA,NA,NA,NA,NA,NA,NA,NA,NA,NA,NA,NA,"high",4,0,0,"small"
"3","A2",1,NA,NA,NA,NA,NA,NA,5,6,3,3,5,6,5,5,1,1,6,6,5,5,30,5,5,6,31,-99,339,1991,2,4,21,1,21,2022-03-26 13:29:23,"-99",2022-03-26 09:07:21,2022-03-26 09:27:04,16,100,1182,"",1,"
26-Mar-22",1,2,1,1,1,NA,NA,0,0,0,0,0,1,1,1,0,1,0,0,NA,4,1,3,1,NA,NA,1,1,NA,NA,NA,NA,NA,NA,NA,NA,NA,NA,NA,NA,NA,NA,NA,NA,NA,NA,NA,NA,NA,0,0,0,1,1,1,0,0,0,0,0,0,0,0,1,1,1,0,0,1,1,1,1,1,1,1,0,0,0,0,0,0,0,1,NA,NA,NA,NA,NA,NA,NA,NA,NA,NA,NA,NA,NA,NA,NA,NA,NA,NA,NA,NA,NA,NA,NA,2,NA,NA,NA,NA,NA,NA,NA,NA,NA,NA,NA,NA,NA,NA,NA,NA,NA,NA,NA,NA,NA,NA,NA,NA,NA,NA,NA,NA,NA,NA,NA,NA,NA,NA,NA,NA,NA,NA,NA,NA,NA,NA,NA,NA,NA,NA,NA,NA,NA,NA,NA,"low",3,0,0,"small"
"4","A2",1,NA,NA,NA,NA,NA,NA,5,5,3,3,5,5,5,5,3,1,4,6,5,5,28,5,5,7,31,11,339,1991,1,4,32,1,32,2022-03-26 13:30:50,"-99",2018-03-05 23:45:56,2018-03-06 00:03:03,16,100,1027,"",1,"26-Mar-22",1,2,1,1,1,NA,NA,0,0,0,0,0,0,1,1,0,0,0,0,NA,2,7,3,1,NA,NA,1,1,NA,NA,NA,NA,NA,NA,NA,NA,NA,NA,NA,NA,NA,NA,NA,NA,NA,NA,NA,NA,NA,0,0,0,1,1,1,0,0,0,0,0,0,1,0,1,1,0,0,0,0,0,1,1,1,1,1,0,0,1,0,0,0,1,1,NA,NA,NA,NA,NA,NA,NA,NA,NA,NA,NA,NA,NA,NA,NA,NA,NA,NA,NA,NA,NA,NA,NA,2,NA,NA,NA,NA,NA,NA,NA,NA,NA,NA,NA,NA,NA,NA,NA,NA,NA,NA,NA,NA,NA,NA,NA,NA,NA,NA,NA,NA,NA,NA,NA,NA,NA,NA,NA,NA,NA,NA,NA,NA,NA,NA,NA,NA,NA,NA,NA,NA,NA,NA,NA,"low",3,0,0,"small"
"5","A6",1,NA,NA,NA,NA,NA,NA,4,4,2,2,4,4,5,5,5,4,NA,NA,5,5,23,4,4,6,46,-99,320,1976,2,2,107,1,107,2022-03-27 11:41:55,"-99",2022-03-27 03:37:35,2022-03-27 03:55:19,16,100,1064,"",1,"
27-Mar-22",2,2,1,1,1,NA,NA,0,0,1,0,0,0,0,0,0,0,0,0,NA,1,1,3,1,NA,NA,1,1,NA,NA,NA,NA,NA,NA,NA,NA,NA,NA,NA,NA,NA,NA,NA,NA,NA,NA,NA,NA,NA,0,0,0,0,1,1,0,0,1,1,0,0,1,1,1,1,0,0,1,0,1,1,0,1,0,0,0,0,1,1,0,0,0,1,NA,NA,NA,NA,NA,NA,NA,NA,NA,NA,NA,NA,NA,NA,NA,NA,NA,NA,NA,NA,NA,NA,NA,2,NA,NA,NA,NA,NA,NA,NA,NA,NA,NA,NA,NA,NA,NA,NA,NA,NA,NA,NA,NA,NA,NA,NA,NA,NA,NA,NA,NA,NA,NA,NA,NA,NA,NA,NA,NA,NA,NA,NA,NA,NA,NA,NA,NA,NA,NA,NA,NA,NA,NA,NA,"high",4,0,0,"small"
"6","A6",1,NA,NA,NA,NA,NA,NA,4,4,2,2,4,4,5,5,5,2,NA,NA,5,5,25,4,4,6,49,20,324,1973,2,2,117,1,117,2022-03-27 11:48:41,"-99",2022-03-27 03:37:10,2022-03-27 03:53:12,16,100,961,"",1,"
27-Mar-22",2,2,1,1,1,NA,NA,0,0,0,0,0,1,1,0,0,1,0,0,NA,3,2,3,1,NA,NA,1,1,NA,NA,NA,NA,NA,NA,NA,NA,NA,NA,NA,NA,NA,NA,NA,NA,NA,NA,NA,NA,NA,0,0,0,0,1,1,0,0,0,0,0,0,1,0,0,1,1,0,0,0,0,0,0,1,0,1,0,0,0,0,0,0,0,1,NA,NA,NA,NA,NA,NA,NA,NA,NA,NA,NA,NA,NA,NA,NA,NA,NA,NA,NA,NA,NA,NA,NA,1,1,0,0,1,NA,423,283,NA,NA,NA,NA,NA,NA,NA,NA,NA,NA,3,0,0,0,0,0,1,0,0,0,0,NA,NA,NA,NA,NA,NA,NA,NA,NA,NA,NA,NA,NA,NA,NA,NA,NA,NA,NA,NA,NA,NA,NA,"high",2,1,0,"small"
"7","A7",1,NA,NA,NA,NA,NA,NA,5,6,3,3,5,6,4,4,5,2,2,5,4,5,22,4,4,6,26,-99,349,1996,2,4,119,1,119,2022-03-27 11:48:44,"-99",2022-03-27 05:39:43,2022-03-27 05:49:08,16,100,564,"",1,"
27-Mar-22",2,2,1,1,1,NA,NA,0,0,1,0,1,1,0,0,0,0,0,0,NA,3,1,3,1,NA,NA,1,1,NA,NA,NA,NA,NA,NA,NA,NA,NA,NA,NA,NA,NA,NA,NA,NA,NA,NA,NA,NA,NA,0,0,0,0,1,1,0,0,0,0,0,1,0,0,1,1,1,0,0,0,0,1,0,1,0,1,0,0,0,0,0,0,0,1,NA,NA,NA,NA,NA,NA,NA,NA,NA,NA,NA,NA,NA,NA,NA,NA,NA,NA,NA,NA,NA,NA,NA,2,NA,NA,NA,NA,NA,NA,NA,NA,NA,NA,NA,NA,NA,NA,NA,NA,NA,NA,NA,NA,NA,NA,NA,NA,NA,NA,NA,NA,NA,NA,NA,NA,NA,NA,NA,NA,NA,NA,NA,NA,NA,NA,NA,NA,NA,NA,NA,NA,NA,NA,NA,"low",2,0,0,"small"
"8","A7",1,NA,NA,NA,NA,NA,NA,5,4,3,2,5,4,1,1,1,1,6,6,5,5,22,5,5,7,56,-99,387,1966,2,4,122,1,122,2022-03-28 00:15:27,"-99",2022-03-27 05:40:26,2022-03-27 05:51:28,16,100,661,"",1,"
28-Mar-22",3,2,1,1,1,NA,NA,0,0,1,0,1,0,0,0,0,0,0,0,NA,2,2,-99,1,NA,NA,1,1,NA,NA,NA,NA,NA,NA,NA,NA,NA,NA,NA,NA,NA,NA,NA,NA,NA,NA,NA,NA,NA,0,0,0,0,1,1,0,0,0,0,0,0,0,0,0,1,1,0,0,0,0,0,0,0,0,0,0,0,0,0,0,0,0,1,NA,NA,NA,NA,NA,NA,NA,NA,NA,NA,NA,NA,NA,NA,NA,NA,NA,NA,NA,NA,NA,NA,NA,2,NA,NA,NA,NA,NA,NA,NA,NA,NA,NA,NA,NA,NA,NA,NA,NA,NA,NA,NA,NA,NA,NA,NA,NA,NA,NA,NA,NA,NA,NA,NA,NA,NA,NA,NA,NA,NA,NA,NA,NA,NA,NA,NA,NA,NA,NA,NA,NA,NA,NA,NA,"low",2,0,0,"small"
"9","B13",1,NA,NA,NA,NA,NA,NA,5,5,3,3,5,5,5,5,2,4,NA,NA,4,5,25,5,4,7,25,4,359,1997,2,4,110,1,110,2022-03-27 11:41:59,"-99",2022-03-27 05:57:05,2022-03-27 06:19:17,16,100,1331,"",1,"
27-Mar-22",2,3,1,1,1,NA,NA,0,0,1,0,1,0,1,1,1,0,0,0,NA,5,1,4,1,NA,NA,1,1,NA,NA,NA,NA,NA,NA,NA,NA,NA,NA,NA,NA,NA,NA,NA,NA,NA,NA,NA,NA,NA,0,0,0,1,0,1,0,0,0,0,0,1,1,0,0,1,1,0,0,0,0,1,0,0,0,1,0,0,0,0,0,0,1,2,NA,1,1,NA,NA,4,3,NA,NA,NA,NA,4,NA,NA,NA,4,NA,NA,NA,NA,NA,NA,1,1,0,0,1,1,NA,181,59,NA,NA,NA,NA,NA,NA,NA,NA,NA,NA,5,NA,NA,NA,NA,NA,NA,NA,NA,NA,NA,NA,NA,NA,NA,NA,NA,NA,NA,NA,NA,NA,NA,NA,NA,NA,NA,NA,NA,NA,NA,NA,NA,NA,"high",2,0,0,"large"
"10","B13",1,NA,NA,NA,NA,NA,NA,4,4,2,2,4,4,5,5,4,4,NA,NA,5,5,24,5,5,7,25,-99,334,1997,1,4,120,1,120,2022-03-27 11:48:45,"-99",2022-03-27 05:56:32,2022-03-27 06:19:41,16,100,1389,"",1,"
27-Mar-22",2,3,1,1,1,NA,NA,0,0,0,0,1,0,0,1,0,0,0,0,NA,2,1,5,1,NA,NA,1,1,NA,NA,NA,NA,NA,NA,NA,NA,NA,NA,NA,NA,NA,NA,NA,NA,NA,NA,NA,NA,NA,0,0,0,1,0,1,0,0,0,0,0,1,1,0,1,1,0,0,0,0,0,1,0,0,0,0,0,0,0,0,0,0,0,2,NA,1,1,NA,1,4,NA,NA,NA,NA,NA,7,NA,NA,NA,NA,NA,NA,NA,NA,NA,NA,NA,1,1,1,1,1,NA,176,71,NA,NA,NA,NA,NA,NA,NA,NA,NA,NA,5,0,0,0,0,1,0,0,0,0,0,NA,NA,NA,NA,NA,NA,NA,NA,NA,NA,NA,NA,NA,NA,NA,NA,NA,NA,NA,NA,NA,NA,NA,"high",2,1,0,"large"
"11","B13",1,NA,NA,NA,NA,NA,NA,3,3,2,2,3,3,5,5,5,5,NA,NA,5,5,22,5,5,7,37,3,1,1985,1,2,123,1,123,2022-03-28 00:15:28,"-99",2022-03-27 05:55:34,2022-03-27 06:12:07,16,100,992,"",1,"
28-Mar-22",3,3,1,1,1,NA,NA,0,0,0,0,0,0,0,1,0,0,0,0,NA,1,1,1,1,NA,NA,1,1,NA,NA,NA,NA,NA,NA,NA,NA,NA,NA,NA,NA,NA,NA,NA,NA,NA,NA,NA,NA,NA,0,0,0,0,0,1,0,0,0,0,0,1,1,0,0,1,0,0,0,0,0,0,0,0,0,0,0,0,0,0,0,0,0,1,NA,NA,NA,NA,NA,NA,NA,NA,NA,NA,NA,NA,NA,NA,NA,NA,NA,NA,NA,NA,NA,NA,NA,1,0,1,1,2,NA,NA,NA,299,75,NA,NA,NA,NA,NA,NA,NA,NA,-99,NA,NA,NA,NA,NA,NA,NA,NA,NA,NA,NA,NA,NA,NA,NA,NA,NA,NA,NA,NA,NA,NA,NA,NA,NA,NA,NA,NA,NA,NA,NA,NA,NA,"high",1,0,0,"large"
"12","B14",1,NA,NA,NA,NA,NA,NA,6,4,3,2,6,4,5,5,5,4,2,3,5,5,23,5,5,7,53,-99,339,1969,2,4,108,1,108,2022-03-27 11:41:56,"-99",2022-03-27 04:17:56,2022-03-27 04:38:38,16,100,1241,"",1,"
27-Mar-22",2,2,1,1,1,NA,NA,0,0,1,0,0,1,0,1,0,0,0,0,NA,3,1,3,1,NA,NA,1,1,NA,NA,NA,NA,NA,NA,NA,NA,NA,NA,NA,NA,NA,NA,NA,NA,NA,NA,NA,NA,NA,0,0,0,0,0,1,0,0,0,0,0,1,1,0,1,1,1,0,0,0,0,0,1,1,1,1,1,0,0,1,0,0,0,2,NA,1,1,NA,1,1,1,NA,NA,NA,NA,NA,1,1,5,5,7,NA,NA,5,NA,NA,NA,1,0,1,0,1,NA,170,65,NA,NA,NA,NA,NA,NA,NA,NA,NA,NA,3,NA,NA,NA,NA,NA,NA,NA,NA,NA,NA,NA,NA,NA,NA,NA,NA,NA,NA,NA,NA,NA,NA,NA,NA,NA,NA,NA,NA,NA,NA,NA,NA,NA,"high",1,0,0,"small"
"13","B14",1,NA,NA,NA,NA,NA,NA,4,4,2,2,4,4,5,5,4,4,3,3,5,5,24,5,5,7,43,12,314,1979,1,4,118,1,118,2022-03-27 11:48:43,"-99",2022-03-27 04:18:57,2022-03-27 04:36:20,16,100,1042,"",1,"
27-Mar-22",2,2,1,1,1,NA,NA,0,0,1,0,1,1,1,1,0,0,0,0,NA,5,1,1,1,NA,NA,1,1,NA,NA,NA,NA,NA,NA,NA,NA,NA,NA,NA,NA,NA,NA,NA,NA,NA,NA,NA,NA,NA,0,0,0,0,0,1,1,0,0,0,0,1,1,1,0,1,1,0,0,0,0,1,0,1,1,0,0,0,0,0,0,0,0,1,NA,NA,NA,NA,NA,NA,NA,NA,NA,NA,NA,NA,NA,NA,NA,NA,NA,NA,NA,NA,NA,NA,NA,3,NA,NA,NA,NA,NA,NA,NA,NA,NA,NA,NA,NA,NA,NA,NA,NA,NA,NA,NA,NA,NA,NA,NA,NA,NA,NA,NA,NA,NA,NA,NA,NA,NA,NA,NA,NA,NA,NA,NA,NA,NA,NA,NA,NA,NA,NA,NA,NA,NA,NA,NA,"high",2,0,0,"small"
"14","B16",1,NA,NA,NA,NA,NA,NA,4,4,2,2,4,4,5,5,3,1,NA,NA,5,5,28,5,5,6,25,12,319,1997,2,4,111,1,111,2022-03-27 11:42:00,"-99",2022-03-27 06:22:37,2022-03-27 07:08:29,16,100,2752,"",1,"
27-Mar-22",2,2,1,1,1,NA,NA,0,0,0,0,0,1,0,0,0,0,0,0,NA,1,1,5,1,NA,NA,1,0,NA,NA,NA,NA,0,1,NA,NA,NA,NA,NA,NA,NA,NA,NA,NA,NA,NA,NA,NA,NA,0,0,0,0,1,1,0,0,0,0,0,1,1,1,1,1,1,0,0,0,1,1,0,1,1,1,0,0,1,0,0,0,1,1,NA,NA,NA,NA,NA,NA,NA,NA,NA,NA,NA,NA,NA,NA,NA,NA,NA,NA,NA,NA,NA,NA,NA,1,1,1,0,1,NA,772,463,NA,NA,NA,NA,NA,NA,NA,NA,NA,NA,2,0,0,0,0,1,1,0,0,0,0,NA,NA,NA,NA,NA,NA,NA,NA,NA,NA,NA,NA,NA,NA,NA,NA,NA,NA,NA,NA,NA,NA,NA,"high",2,2,0,"small"
"15","B16",1,NA,NA,NA,NA,NA,NA,4,4,2,2,4,4,5,5,3,1,NA,NA,5,5,28,5,5,6,28,12,319,1994,2,4,121,1,121,2022-03-27 11:48:47,"-99",2022-03-27 06:22:55,2022-03-27 07:04:24,16,100,2488,"",1,"
27-Mar-22",2,2,1,1,1,NA,NA,0,0,0,0,0,1,0,1,0,0,0,0,NA,2,1,5,1,NA,NA,1,0,NA,NA,NA,NA,0,1,NA,NA,NA,NA,NA,NA,NA,NA,NA,NA,NA,NA,NA,NA,NA,0,0,0,0,1,1,0,0,0,0,0,1,1,0,1,1,0,0,0,0,1,0,0,1,1,1,0,0,0,0,0,0,0,1,NA,NA,NA,NA,NA,NA,NA,NA,NA,NA,NA,NA,NA,NA,NA,NA,NA,NA,NA,NA,NA,NA,NA,1,1,1,0,1,NA,768,429,NA,NA,NA,NA,NA,NA,NA,NA,NA,NA,2,0,0,0,0,1,1,0,0,0,0,NA,NA,NA,NA,NA,NA,NA,NA,NA,NA,NA,NA,NA,NA,NA,NA,NA,NA,NA,NA,NA,NA,NA,"high",2,2,0,"small"
"16","B17",1,NA,NA,NA,NA,NA,NA,5,5,3,3,5,5,3,4,3,1,4,6,4,3,22,4,4,7,31,-99,324,1991,2,4,113,1,113,2022-03-27 11:44:01,"Nyte sola",2022-03-27 06:54:21,2022-03-27 07:14:37,16,100,1215,"",1,"
27-Mar-22",2,2,1,1,1,NA,NA,0,0,0,1,0,0,0,0,0,0,0,1,1,2,1,4,3,NA,1,NA,NA,NA,NA,NA,NA,NA,NA,NA,NA,1,0,NA,NA,NA,NA,0,1,NA,NA,NA,NA,NA,0,0,0,0,1,1,0,0,0,0,0,0,1,0,0,1,0,0,0,0,0,0,0,1,0,0,0,0,0,0,0,0,0,1,NA,NA,NA,NA,NA,NA,NA,NA,NA,NA,NA,NA,NA,NA,NA,NA,NA,NA,NA,NA,NA,NA,NA,1,1,1,0,1,NA,NA,NA,NA,NA,NA,NA,NA,NA,403,425,NA,NA,2,0,0,0,0,0,1,0,0,0,0,NA,NA,NA,NA,NA,NA,NA,NA,NA,NA,NA,NA,NA,NA,NA,NA,NA,NA,NA,NA,NA,NA,NA,"low",2,1,0,"small"
"17","B17",1,NA,NA,NA,NA,NA,NA,4,4,2,2,4,4,3,5,1,1,6,6,4,4,26,5,5,5,28,10,319,1994,1,3,115,1,115,2022-03-27 11:45:25,"-99",2022-03-27 06:53:43,2022-03-27 07:11:20,16,100,1056,"",1,"
27-Mar-22",2,2,1,1,1,NA,NA,0,0,1,1,0,0,0,0,0,0,0,0,NA,2,1,4,3,NA,1,NA,NA,NA,NA,NA,NA,NA,NA,NA,NA,1,0,NA,NA,NA,NA,0,1,NA,NA,NA,NA,NA,0,0,0,0,0,1,0,0,0,0,0,0,1,0,0,1,0,0,0,0,0,0,0,0,0,0,0,0,0,0,0,0,0,1,NA,NA,NA,NA,NA,NA,NA,NA,NA,NA,NA,NA,NA,NA,NA,NA,NA,NA,NA,NA,NA,NA,NA,1,1,0,0,1,NA,NA,NA,NA,NA,NA,NA,NA,NA,324,341,NA,NA,2,0,0,0,0,0,1,0,0,0,0,NA,NA,NA,NA,NA,NA,NA,NA,NA,NA,NA,NA,NA,NA,NA,NA,NA,NA,NA,NA,NA,NA,NA,"low",1,1,0,"small"
"18","B2",1,NA,NA,NA,NA,NA,NA,1,3,1,2,1,3,5,5,3,5,4,2,5,5,24,5,5,7,24,-99,1,1998,1,1,20,2,20,2022-03-26 13:29:20,"-99",2022-03-26 06:31:54,2022-03-26 06:44:37,16,100,763,"",1,"
26-Mar-22",1,7,1,1,3,NA,NA,0,0,1,0,0,1,0,0,0,0,0,0,NA,2,7,1,1,NA,NA,1,1,NA,NA,NA,NA,NA,NA,NA,NA,NA,NA,NA,NA,NA,NA,NA,NA,NA,NA,NA,NA,NA,1,0,0,0,0,0,0,0,0,0,1,0,0,0,0,0,0,0,0,0,0,0,0,0,0,0,0,0,0,0,0,0,0,NA,NA,NA,NA,NA,NA,NA,NA,NA,NA,NA,NA,NA,NA,NA,NA,NA,NA,NA,NA,NA,NA,NA,NA,1,0,0,1,1,NA,176,152,NA,NA,NA,NA,NA,NA,NA,NA,NA,NA,3,NA,NA,NA,NA,NA,NA,NA,NA,NA,NA,NA,NA,NA,NA,NA,NA,NA,NA,NA,NA,NA,NA,NA,NA,NA,NA,NA,NA,NA,NA,NA,NA,NA,"high",0,0,0,"large"
"19","B2",1,NA,NA,NA,NA,NA,NA,4,5,2,3,4,5,3,4,3,5,4,2,3,3,17,-99,3,6,26,-99,344,1996,1,4,31,2,31,2022-03-26 13:30:48,"-99",2018-03-05 20:50:42,2018-03-05 21:16:42,16,100,1560,"",1,"
26-Mar-22",1,7,1,1,1,NA,NA,0,0,0,0,1,0,1,0,0,0,0,0,NA,2,1,4,1,NA,NA,1,0,0,1,NA,NA,NA,NA,NA,NA,NA,NA,NA,NA,NA,NA,NA,NA,NA,NA,NA,NA,NA,0,0,0,1,1,1,0,0,0,0,0,0,1,1,1,1,1,0,0,0,0,1,0,1,1,1,0,0,1,0,0,0,1,2,NA,NA,1,2,1,1,1,NA,NA,NA,NA,2,NA,1,7,7,NA,NA,7,NA,NA,NA,7,1,1,1,0,1,NA,202,75,NA,NA,NA,NA,NA,NA,NA,NA,NA,NA,1,0,0,0,0,1,1,0,0,0,0,NA,NA,NA,NA,NA,NA,NA,NA,NA,NA,NA,NA,NA,NA,NA,NA,NA,NA,NA,NA,NA,NA,NA,"high",3,2,0,"large"
"20","B2",1,NA,NA,NA,NA,NA,NA,5,5,3,3,5,5,5,5,6,5,1,2,5,5,21,4,5,7,26,-99,359,1996,2,4,48,2,48,2022-03-26 13:39:17,"-99",2018-03-05 18:31:44,2018-03-05 18:44:19,16,100,754,"",1,"
26-Mar-22",1,7,1,1,1,NA,NA,0,0,1,0,0,0,1,0,0,0,0,0,NA,2,1,3,1,NA,NA,1,1,NA,NA,NA,NA,NA,NA,NA,NA,NA,NA,NA,NA,NA,NA,NA,NA,NA,NA,NA,NA,NA,0,0,0,1,0,1,0,0,0,0,0,0,1,0,1,1,1,0,0,0,0,0,0,0,0,1,0,0,0,0,0,0,0,1,NA,NA,NA,NA,NA,NA,NA,NA,NA,NA,NA,NA,NA,NA,NA,NA,NA,NA,NA,NA,NA,NA,NA,1,0,0,1,1,NA,181,146,NA,NA,NA,NA,NA,NA,NA,NA,NA,NA,3,NA,NA,NA,NA,NA,NA,NA,NA,NA,NA,NA,NA,NA,NA,NA,NA,NA,NA,NA,NA,NA,NA,NA,NA,NA,NA,NA,NA,NA,NA,NA,NA,NA,"high",2,0,0,"large"
"21","B2",1,NA,NA,NA,NA,NA,NA,2,4,1,2,2,4,5,5,3,5,4,2,5,5,24,5,5,7,55,10,304,1967,2,2,52,2,52,2022-03-26 13:42:06,"-99",2022-03-26 06:33:02,2022-03-26 06:51:02,16,100,1079,"",1,"
26-Mar-22",1,7,1,1,1,NA,NA,0,0,1,0,1,1,1,0,0,0,0,0,NA,4,1,4,1,NA,NA,1,1,NA,NA,NA,NA,NA,NA,NA,NA,NA,NA,NA,NA,NA,NA,NA,NA,NA,NA,NA,NA,NA,0,0,0,0,0,1,0,0,0,0,0,0,0,0,0,1,0,0,0,0,0,0,0,0,0,1,0,0,0,0,0,0,0,1,NA,NA,NA,NA,NA,NA,NA,NA,NA,NA,NA,NA,NA,NA,NA,NA,NA,NA,NA,NA,NA,NA,NA,1,1,1,0,2,NA,NA,NA,270,140,NA,NA,NA,NA,NA,NA,NA,NA,1,0,1,0,0,0,1,0,0,0,0,NA,NA,NA,NA,NA,NA,NA,NA,NA,NA,NA,NA,NA,NA,NA,NA,NA,NA,NA,NA,NA,NA,NA,"high",1,1,0,"large"
"22","B2",1,NA,NA,NA,NA,NA,NA,2,4,1,2,2,4,1,1,1,3,6,4,4,4,18,4,4,6,26,5,303,1996,1,3,57,2,57,2022-03-26 15:55:04,"-99",2022-03-25 15:24:13,2022-03-26 06:38:03,16,100,54830,"",1,"
26-Mar-22",1,7,1,1,1,NA,NA,0,0,1,1,1,1,1,1,0,0,0,0,NA,6,1,4,1,NA,NA,1,1,NA,NA,NA,NA,NA,NA,NA,NA,NA,NA,NA,NA,NA,NA,NA,NA,NA,NA,NA,NA,NA,0,0,0,0,1,1,1,0,0,0,0,1,0,0,1,0,1,0,0,0,0,0,0,0,0,0,0,0,0,1,0,0,0,1,NA,NA,NA,NA,NA,NA,NA,NA,NA,NA,NA,NA,NA,NA,NA,NA,NA,NA,NA,NA,NA,NA,NA,1,1,0,0,1,NA,-99,-99,NA,NA,NA,NA,NA,NA,NA,NA,NA,NA,4,0,1,0,0,1,0,0,0,0,0,NA,NA,NA,NA,NA,NA,NA,NA,NA,NA,NA,NA,NA,NA,NA,NA,NA,NA,NA,NA,NA,NA,NA,"high",3,1,0,"large"
"23","B2",1,NA,NA,NA,NA,NA,NA,4,5,2,3,4,5,5,5,6,5,1,2,5,5,21,4,4,7,25,7,309,1997,2,4,59,2,59,2022-03-26 15:58:23,"-99",2022-03-26 06:25:06,2022-03-26 06:46:56,16,100,1309,"",1,"
26-Mar-22",1,7,1,1,1,NA,NA,0,0,1,0,0,0,0,1,1,0,0,0,NA,3,1,4,1,NA,NA,1,1,NA,NA,NA,NA,NA,NA,NA,NA,NA,NA,NA,NA,NA,NA,NA,NA,NA,NA,NA,NA,NA,0,0,0,0,0,1,1,0,0,0,0,0,0,0,1,0,0,0,0,0,0,0,1,0,0,1,0,0,0,0,0,0,1,1,NA,NA,NA,NA,NA,NA,NA,NA,NA,NA,NA,NA,NA,NA,NA,NA,NA,NA,NA,NA,NA,NA,NA,1,1,0,1,2,NA,NA,NA,290,78,NA,NA,NA,NA,NA,NA,NA,NA,3,0,0,0,0,0,1,1,0,0,0,NA,NA,NA,NA,NA,NA,NA,NA,NA,NA,NA,NA,NA,NA,NA,NA,NA,NA,NA,NA,NA,NA,NA,"high",2,2,0,"large"
"24","B2",1,NA,NA,NA,NA,NA,NA,1,1,1,1,1,1,4,5,3,4,4,3,4,5,23,4,4,6,24,0,301,1998,1,3,65,2,65,2022-03-26 15:59:15,"-99",2022-03-26 06:30:44,2022-03-26 06:38:56,16,100,492,"",1,"
26-Mar-22",1,6,1,1,3,NA,NA,0,0,0,0,0,0,1,1,0,0,0,0,NA,2,7,3,1,NA,NA,1,1,NA,NA,NA,NA,NA,NA,NA,NA,NA,NA,NA,NA,NA,NA,NA,NA,NA,NA,NA,NA,NA,1,1,0,0,0,0,0,0,0,0,1,0,0,0,0,0,0,0,0,0,0,0,0,0,0,0,0,0,0,0,0,0,0,NA,NA,NA,NA,NA,NA,NA,NA,NA,NA,NA,NA,NA,NA,NA,NA,NA,NA,NA,NA,NA,NA,NA,NA,3,NA,NA,NA,NA,NA,NA,NA,NA,NA,NA,NA,NA,NA,NA,NA,NA,NA,NA,NA,NA,NA,NA,NA,NA,NA,NA,NA,NA,NA,NA,NA,NA,NA,NA,NA,NA,NA,NA,NA,NA,NA,NA,NA,NA,NA,NA,NA,NA,NA,NA,NA,"high",0,0,0,"large"
"25","B21",1,NA,NA,1,1,NA,NA,3,4,2,2,3,4,4,5,5,4,NA,NA,4,4,20,4,4,5,26,4,309,1996,1,2,144,1,144,2022-03-28 14:05:32,"-99",2022-03-28 05:18:30,2022-03-28 05:58:04,16,100,2373,"",1,"
28-Mar-22",3,3,1,1,1,NA,NA,0,0,1,1,0,0,0,0,0,0,0,0,NA,2,1,4,2,1,NA,NA,NA,NA,NA,NA,NA,NA,NA,NA,NA,NA,NA,NA,NA,NA,NA,NA,NA,NA,NA,NA,NA,NA,0,0,0,0,0,1,1,0,1,0,0,1,1,0,1,1,0,0,0,0,1,1,0,0,1,1,1,1,0,1,0,0,1,1,NA,NA,NA,NA,NA,NA,NA,NA,NA,NA,NA,NA,NA,NA,NA,NA,NA,NA,NA,NA,NA,NA,NA,1,1,1,0,1,NA,NA,NA,NA,NA,-99,-99,NA,NA,NA,NA,NA,NA,4,0,0,0,0,1,1,1,0,1,0,NA,NA,NA,NA,NA,NA,NA,NA,NA,NA,NA,NA,NA,NA,NA,NA,NA,NA,NA,NA,NA,NA,NA,"high",3,4,0,"large"
"26","B21",1,NA,NA,1,1,NA,NA,5,4,3,2,5,4,4,5,5,4,NA,NA,5,5,22,5,4,6,27,-99,313,1995,2,2,150,1,150,2022-03-28 14:06:37,"Kj√∏re djevltannrenna",2022-03-28 05:16:42,2022-03-28 05:49:29,16,100,1966,"",1,"
28-Mar-22",3,3,1,1,1,NA,NA,0,0,0,1,0,1,0,0,0,0,0,1,1,3,1,6,2,1,NA,NA,NA,NA,NA,NA,NA,NA,NA,NA,NA,NA,NA,NA,NA,NA,NA,NA,NA,NA,NA,NA,NA,NA,0,0,0,0,0,1,1,0,0,0,0,1,1,0,0,1,1,0,0,0,1,0,0,0,1,0,0,0,0,0,0,0,0,2,NA,1,1,NA,NA,2,1,NA,NA,NA,4,NA,NA,NA,2,NA,NA,NA,NA,NA,NA,NA,NA,1,1,1,0,1,NA,NA,NA,NA,NA,148,236,NA,NA,NA,NA,NA,NA,5,0,0,0,0,0,1,0,0,0,0,NA,NA,NA,NA,NA,NA,NA,NA,NA,NA,NA,NA,NA,NA,NA,NA,NA,NA,NA,NA,NA,NA,NA,"high",2,1,0,"large"
"27","B21",1,NA,NA,1,1,NA,NA,5,5,3,3,5,5,4,3,4,5,NA,NA,4,3,17,4,4,6,25,-99,324,1997,2,3,156,1,156,2022-03-28 14:08:38,"-99",2022-03-28 05:20:01,2022-03-28 06:04:29,16,100,2667,"",1,"
28-Mar-22",3,3,1,1,1,NA,NA,0,0,0,1,0,0,0,0,0,0,0,0,NA,1,1,5,2,1,NA,NA,NA,NA,NA,NA,NA,NA,NA,NA,NA,NA,NA,NA,NA,NA,NA,NA,NA,NA,NA,NA,NA,NA,0,0,0,0,0,1,1,1,1,1,0,1,1,1,0,1,1,0,1,1,1,0,1,1,1,1,1,0,1,0,0,0,1,2,NA,1,1,3,NA,7,1,NA,4,8,4,NA,1,1,1,5,5,NA,1,NA,NA,NA,5,1,1,1,0,1,NA,NA,NA,NA,NA,194,626,NA,NA,NA,NA,NA,NA,5,0,0,0,0,0,1,1,0,0,0,NA,NA,NA,NA,NA,NA,NA,NA,NA,NA,NA,NA,NA,NA,NA,NA,NA,NA,NA,NA,NA,NA,NA,"high",5,2,0,"large"
"28","B27",1,NA,NA,NA,NA,NA,NA,3,4,2,2,3,4,5,5,6,3,NA,NA,4,5,22,5,5,7,134,7,305,1888,2,4,162,1,162,2022-03-28 14:10:42,"-99",2022-03-28 06:58:31,2022-03-28 07:14:39,16,100,968,"",1,"
28-Mar-22",3,2,1,1,1,NA,NA,0,0,1,0,1,0,1,0,0,0,0,0,NA,3,1,7,1,NA,NA,1,1,NA,NA,NA,NA,NA,NA,NA,NA,NA,NA,NA,NA,NA,NA,NA,NA,NA,NA,NA,NA,NA,0,0,0,0,1,1,1,0,0,0,0,1,1,0,0,1,0,0,1,0,0,0,0,0,0,0,0,0,0,0,0,0,0,1,NA,NA,NA,NA,NA,NA,NA,NA,NA,NA,NA,NA,NA,NA,NA,NA,NA,NA,NA,NA,NA,NA,NA,2,NA,NA,NA,NA,NA,NA,NA,NA,NA,NA,NA,NA,NA,NA,NA,NA,NA,NA,NA,NA,NA,NA,NA,NA,NA,NA,NA,NA,NA,NA,NA,NA,NA,NA,NA,NA,NA,NA,NA,NA,NA,NA,NA,NA,NA,NA,NA,NA,NA,NA,NA,"low",3,0,0,"small"
"29","B27",1,NA,NA,NA,NA,NA,NA,4,3,2,2,4,3,5,5,4,2,NA,NA,4,4,24,4,4,5,33,-99,309,1989,1,2,171,1,171,2022-03-28 14:14:02,"-99",2022-03-28 07:00:05,2022-03-28 07:21:08,16,100,1263,"",1,"
28-Mar-22",3,2,1,1,1,NA,NA,0,0,1,1,1,1,1,1,0,0,0,0,NA,6,1,4,1,NA,NA,1,1,NA,NA,NA,NA,NA,NA,NA,NA,NA,NA,NA,NA,NA,NA,NA,NA,NA,NA,NA,NA,NA,0,0,0,1,1,1,1,0,0,0,0,1,1,1,1,1,1,0,0,1,1,1,0,1,0,1,1,0,0,0,0,0,0,1,NA,NA,NA,NA,NA,NA,NA,NA,NA,NA,NA,NA,NA,NA,NA,NA,NA,NA,NA,NA,NA,NA,NA,1,1,1,0,1,NA,178,60,NA,NA,NA,NA,NA,NA,NA,NA,NA,NA,4,0,0,0,0,1,1,0,0,0,0,NA,NA,NA,NA,NA,NA,NA,NA,NA,NA,NA,NA,NA,NA,NA,NA,NA,NA,NA,NA,NA,NA,NA,"low",4,2,0,"small"
"30","B29",1,NA,NA,NA,NA,NA,NA,4,4,2,2,4,4,5,5,1,2,NA,NA,5,5,29,5,5,7,67,30,306,1955,2,2,165,1,165,2022-03-28 14:11:27,"-99",2022-03-28 07:26:02,2022-03-28 07:41:24,16,100,922,"",1,"
28-Mar-22",3,4,1,1,3,NA,NA,0,0,1,0,0,0,0,0,0,0,0,0,NA,1,7,4,1,NA,NA,1,1,NA,NA,NA,NA,NA,NA,NA,NA,NA,NA,NA,NA,NA,NA,NA,NA,NA,NA,NA,NA,NA,0,0,0,0,0,1,0,0,0,0,0,0,0,1,0,0,0,0,1,1,0,0,0,0,1,1,0,0,1,0,0,0,1,1,NA,NA,NA,NA,NA,NA,NA,NA,NA,NA,NA,NA,NA,NA,NA,NA,NA,NA,NA,NA,NA,NA,NA,2,NA,NA,NA,NA,NA,NA,NA,NA,NA,NA,NA,NA,NA,NA,NA,NA,NA,NA,NA,NA,NA,NA,NA,NA,NA,NA,NA,NA,NA,NA,NA,NA,NA,NA,NA,NA,NA,NA,NA,NA,NA,NA,NA,NA,NA,NA,NA,NA,NA,NA,NA,"high",1,0,0,"large"
"31","B29",1,NA,NA,NA,NA,NA,NA,6,6,3,3,6,6,5,5,1,4,NA,NA,5,5,27,5,5,7,70,40,313,1952,2,2,167,1,167,2022-03-28 14:12:19,"-99",2022-03-28 07:27:53,2022-03-28 07:52:57,16,100,1504,"",1,"
28-Mar-22",3,4,1,1,3,NA,NA,0,0,1,0,0,0,0,0,0,0,0,0,NA,1,1,4,1,NA,NA,1,1,NA,NA,NA,NA,NA,NA,NA,NA,NA,NA,NA,NA,NA,NA,NA,NA,NA,NA,NA,NA,NA,0,0,0,0,1,1,0,0,0,0,0,1,0,0,1,0,0,0,0,0,0,0,0,0,0,0,0,0,0,0,0,0,0,2,NA,6,NA,NA,4,NA,NA,NA,NA,NA,NA,NA,NA,NA,NA,NA,NA,NA,NA,NA,NA,NA,NA,1,1,1,1,1,NA,180,98,NA,NA,NA,NA,NA,NA,NA,NA,NA,NA,3,0,0,1,0,0,0,0,0,0,0,NA,NA,NA,NA,NA,NA,NA,NA,NA,NA,NA,NA,NA,NA,NA,NA,NA,NA,NA,NA,NA,NA,NA,"high",2,0,0,"large"
"32","B29",1,NA,NA,NA,NA,NA,NA,6,6,3,3,6,6,5,5,1,5,NA,NA,5,5,26,5,5,7,64,46,326,1958,2,2,168,1,168,2022-03-28 14:12:57,"-99",2022-03-28 07:25:34,2022-03-28 07:44:57,16,100,1163,"",1,"
28-Mar-22",3,4,1,1,1,NA,NA,0,0,1,0,0,1,0,0,0,0,0,0,NA,2,1,4,1,NA,NA,1,1,NA,NA,NA,NA,NA,NA,NA,NA,NA,NA,NA,NA,NA,NA,NA,NA,NA,NA,NA,NA,NA,0,0,0,0,1,1,0,0,0,0,0,1,0,0,0,1,1,0,0,0,0,1,0,1,0,1,0,0,0,0,0,0,1,1,NA,NA,NA,NA,NA,NA,NA,NA,NA,NA,NA,NA,NA,NA,NA,NA,NA,NA,NA,NA,NA,NA,NA,1,0,0,1,1,NA,246,33,NA,NA,NA,NA,NA,NA,NA,NA,NA,NA,1,NA,NA,NA,NA,NA,NA,NA,NA,NA,NA,NA,NA,NA,NA,NA,NA,NA,NA,NA,NA,NA,NA,NA,NA,NA,NA,NA,NA,NA,NA,NA,NA,NA,"high",2,0,0,"large"
"33","B29",1,NA,NA,NA,NA,NA,NA,3,4,2,2,3,4,5,5,1,4,NA,NA,5,5,27,5,5,7,58,36,311,1964,2,2,172,1,172,2022-03-28 14:14:04,"-99",2022-03-28 07:24:43,2022-03-28 07:45:13,16,100,1229,"",1,"
28-Mar-22",3,4,1,1,3,NA,NA,0,0,0,0,0,1,0,0,0,0,0,0,NA,1,1,4,1,NA,NA,1,1,NA,NA,NA,NA,NA,NA,NA,NA,NA,NA,NA,NA,NA,NA,NA,NA,NA,NA,NA,NA,NA,0,0,0,0,1,0,0,0,0,0,0,1,1,0,1,1,0,0,0,1,0,0,0,0,0,1,0,0,0,0,0,0,0,1,NA,NA,NA,NA,NA,NA,NA,NA,NA,NA,NA,NA,NA,NA,NA,NA,NA,NA,NA,NA,NA,NA,NA,1,1,1,1,1,NA,172,88,NA,NA,NA,NA,NA,NA,NA,NA,NA,NA,1,0,1,0,0,1,1,0,0,0,0,NA,NA,NA,NA,NA,NA,NA,NA,NA,NA,NA,NA,NA,NA,NA,NA,NA,NA,NA,NA,NA,NA,NA,"high",1,2,0,"large"
"34","B3",1,NA,NA,NA,NA,NA,NA,4,5,2,3,4,5,4,5,3,4,4,3,4,5,23,4,4,6,28,8,324,1994,2,3,41,1,41,2022-03-26 13:32:59,"-99",2022-03-26 07:54:25,2022-03-26 08:27:30,16,100,1984,"",1,"
26-Mar-22",1,2,1,1,1,NA,NA,0,0,0,0,0,1,1,1,1,0,0,0,NA,4,1,1,3,NA,1,NA,NA,NA,NA,NA,NA,NA,NA,NA,NA,1,1,NA,NA,NA,NA,NA,NA,NA,NA,NA,NA,NA,0,0,0,1,0,1,0,0,0,0,0,1,0,0,1,1,1,0,0,0,0,1,0,1,1,1,0,0,0,0,0,0,1,1,NA,NA,NA,NA,NA,NA,NA,NA,NA,NA,NA,NA,NA,NA,NA,NA,NA,NA,NA,NA,NA,NA,NA,1,1,1,1,1,NA,NA,NA,NA,NA,NA,NA,NA,NA,396,454,NA,NA,2,0,0,0,1,0,0,0,0,0,0,NA,NA,NA,NA,NA,NA,NA,NA,NA,NA,NA,NA,NA,NA,NA,NA,NA,NA,NA,NA,NA,NA,NA,"high",2,1,0,"small"
"35","B3",1,NA,NA,NA,NA,NA,NA,1,1,1,1,1,1,4,4,3,4,4,3,4,4,21,4,5,7,32,1,301,1990,2,1,54,1,54,2022-03-26 13:42:08,"-99",2022-03-26 07:55:34,2022-03-26 08:16:44,16,100,1270,"",1,"
26-Mar-22",1,2,1,1,1,NA,NA,0,0,0,0,0,1,0,0,0,0,0,0,NA,1,1,1,3,NA,1,NA,NA,NA,NA,NA,NA,NA,NA,NA,NA,1,1,NA,NA,NA,NA,NA,NA,NA,NA,NA,NA,NA,0,0,0,1,0,1,0,0,0,0,0,1,0,0,1,1,0,0,0,0,0,0,0,1,0,0,1,0,0,0,0,0,0,1,NA,NA,NA,NA,NA,NA,NA,NA,NA,NA,NA,NA,NA,NA,NA,NA,NA,NA,NA,NA,NA,NA,NA,1,0,1,1,1,NA,NA,NA,NA,NA,NA,NA,NA,NA,364,491,NA,NA,3,NA,NA,NA,NA,NA,NA,NA,NA,NA,NA,NA,NA,NA,NA,NA,NA,NA,NA,NA,NA,NA,NA,NA,NA,NA,NA,NA,NA,NA,NA,NA,NA,NA,"high",2,0,0,"small"
"36","B30",1,NA,NA,NA,NA,NA,NA,3,4,2,2,3,4,5,5,2,5,5,2,5,5,25,4,4,6,47,30,314,1975,2,2,147,1,147,2022-03-28 14:05:40,"-99",2022-03-28 07:43:47,2022-03-28 08:13:12,16,100,1764,"",1,"
28-Mar-22",3,6,1,1,3,NA,NA,0,0,0,0,0,1,1,1,1,0,0,0,NA,4,7,5,1,NA,NA,1,1,NA,NA,NA,NA,NA,NA,NA,NA,NA,NA,NA,NA,NA,NA,NA,NA,NA,NA,NA,NA,NA,0,1,0,0,0,0,0,0,0,0,1,0,0,0,0,0,0,0,0,0,0,0,0,0,0,0,0,0,0,0,0,0,0,NA,NA,NA,NA,NA,NA,NA,NA,NA,NA,NA,NA,NA,NA,NA,NA,NA,NA,NA,NA,NA,NA,NA,NA,1,1,1,0,2,NA,NA,NA,315,84,NA,NA,NA,NA,NA,NA,NA,NA,1,1,0,0,0,0,0,0,0,0,0,NA,NA,NA,NA,NA,NA,NA,NA,NA,NA,NA,NA,NA,NA,NA,NA,NA,NA,NA,NA,NA,NA,NA,"high",0,0,0,"large"
"37","B30",1,NA,NA,NA,NA,NA,NA,6,6,3,3,6,6,2,4,2,4,5,3,4,3,19,4,4,7,40,30,369,1982,2,4,153,1,153,2022-03-28 14:06:42,"-99",2022-03-28 07:38:46,2022-03-28 08:20:03,16,100,2476,"",1,"
28-Mar-22",3,6,1,1,1,NA,NA,0,0,0,0,0,0,0,0,0,0,1,0,NA,1,1,4,1,NA,NA,1,1,NA,NA,NA,NA,NA,NA,NA,NA,NA,NA,NA,NA,NA,NA,NA,NA,NA,NA,NA,NA,NA,0,0,0,0,0,1,1,0,0,0,0,1,0,0,0,0,0,0,0,0,0,1,0,0,0,0,0,1,0,0,0,0,0,2,NA,1,NA,NA,NA,NA,NA,NA,NA,NA,NA,3,NA,NA,NA,NA,NA,3,NA,NA,NA,NA,NA,1,1,1,0,1,NA,203,54,NA,NA,NA,NA,NA,NA,NA,NA,NA,NA,1,0,0,0,0,0,1,1,0,0,0,NA,NA,NA,NA,NA,NA,NA,NA,NA,NA,NA,NA,NA,NA,NA,NA,NA,NA,NA,NA,NA,NA,NA,"high",2,2,0,"large"
"38","B30",1,NA,NA,NA,NA,NA,NA,2,3,1,2,2,3,5,4,2,3,5,4,5,5,26,5,5,7,54,20,314,1968,1,2,158,1,158,2022-03-28 14:08:41,"-99",2022-03-28 07:41:15,2022-03-28 08:07:08,16,100,1552,"",1,"
28-Mar-22",3,6,1,1,3,NA,NA,0,0,0,0,1,1,1,1,1,0,0,0,NA,5,7,1,1,NA,NA,1,1,NA,NA,NA,NA,NA,NA,NA,NA,NA,NA,NA,NA,NA,NA,NA,NA,NA,NA,NA,NA,NA,0,1,0,0,0,0,0,0,0,0,1,0,0,0,0,0,0,0,0,0,0,0,0,0,0,0,0,0,0,0,0,0,0,NA,NA,NA,NA,NA,NA,NA,NA,NA,NA,NA,NA,NA,NA,NA,NA,NA,NA,NA,NA,NA,NA,NA,NA,2,NA,NA,NA,NA,NA,NA,NA,NA,NA,NA,NA,NA,NA,NA,NA,NA,NA,NA,NA,NA,NA,NA,NA,NA,NA,NA,NA,NA,NA,NA,NA,NA,NA,NA,NA,NA,NA,NA,NA,NA,NA,NA,NA,NA,NA,NA,NA,NA,NA,NA,NA,"high",0,0,0,"large"
"39","B30",1,NA,NA,NA,NA,NA,NA,5,5,3,3,5,5,4,4,2,2,5,5,5,4,25,5,4,5,54,18,314,1968,2,2,160,1,160,2022-03-28 14:09:42,"-99",2022-03-28 07:47:40,2022-03-28 08:10:11,16,100,1351,"",1,"
28-Mar-22",3,6,1,1,1,NA,NA,0,0,0,0,0,1,0,1,0,0,0,0,NA,2,2,5,1,NA,NA,1,1,NA,NA,NA,NA,NA,NA,NA,NA,NA,NA,NA,NA,NA,NA,NA,NA,NA,NA,NA,NA,NA,0,0,0,0,1,0,0,0,0,0,0,0,0,0,0,1,0,0,0,0,0,0,0,0,0,0,0,0,0,1,0,0,0,1,NA,NA,NA,NA,NA,NA,NA,NA,NA,NA,NA,NA,NA,NA,NA,NA,NA,NA,NA,NA,NA,NA,NA,1,0,1,0,2,NA,NA,NA,753,34,NA,NA,NA,NA,NA,NA,NA,NA,4,NA,NA,NA,NA,NA,NA,NA,NA,NA,NA,NA,NA,NA,NA,NA,NA,NA,NA,NA,NA,NA,NA,NA,NA,NA,NA,NA,NA,NA,NA,NA,NA,NA,"high",1,0,0,"large"
"40","B30",1,NA,NA,NA,NA,NA,NA,4,5,2,3,4,5,4,4,3,3,4,4,4,5,23,4,4,6,53,-99,315,1969,2,2,164,1,164,2022-03-28 14:10:46,"Enjoy skitouring in the area",2022-03-28 07:41:53,2022-03-28 08:10:54,16,100,1741,"",1,"
28-Mar-22",3,6,1,1,1,NA,NA,0,0,0,0,0,0,0,0,0,0,0,1,1,1,1,3,1,NA,NA,1,1,NA,NA,NA,NA,NA,NA,NA,NA,NA,NA,NA,NA,NA,NA,NA,NA,NA,NA,NA,NA,NA,0,0,0,0,0,0,1,0,0,0,0,0,0,0,1,0,0,0,0,0,0,1,0,0,1,0,0,0,1,0,0,0,0,1,NA,NA,NA,NA,NA,NA,NA,NA,NA,NA,NA,NA,NA,NA,NA,NA,NA,NA,NA,NA,NA,NA,NA,1,1,0,0,1,NA,275,95,NA,NA,NA,NA,NA,NA,NA,NA,NA,NA,1,0,0,0,0,0,0,1,0,0,0,NA,NA,NA,NA,NA,NA,NA,NA,NA,NA,NA,NA,NA,NA,NA,NA,NA,NA,NA,NA,NA,NA,NA,"high",1,1,0,"large"
"41","B30",1,NA,NA,NA,NA,NA,NA,3,3,2,2,3,3,5,5,5,3,2,4,4,5,23,4,4,7,60,16,311,1962,2,2,166,1,166,2022-03-28 14:11:29,"-99",2022-03-28 07:42:54,2022-03-28 08:10:53,16,100,1678,"",1,"
28-Mar-22",3,6,1,1,1,NA,NA,0,0,0,0,0,1,1,1,0,0,0,0,NA,3,7,4,1,NA,NA,1,1,NA,NA,NA,NA,NA,NA,NA,NA,NA,NA,NA,NA,NA,NA,NA,NA,NA,NA,NA,NA,NA,0,0,1,0,0,0,0,0,0,0,1,0,0,0,0,0,0,0,0,0,0,0,0,0,0,0,0,0,0,0,0,0,0,NA,NA,NA,NA,NA,NA,NA,NA,NA,NA,NA,NA,NA,NA,NA,NA,NA,NA,NA,NA,NA,NA,NA,NA,1,1,1,0,2,NA,NA,NA,380,114,NA,NA,NA,NA,NA,NA,NA,NA,3,0,0,0,0,0,0,1,0,0,0,NA,NA,NA,NA,NA,NA,NA,NA,NA,NA,NA,NA,NA,NA,NA,NA,NA,NA,NA,NA,NA,NA,NA,"high",1,1,0,"large"
"42","B31",1,NA,NA,NA,NA,NA,NA,4,4,2,2,4,4,5,5,5,4,2,3,5,5,23,5,5,7,49,26,309,1973,1,3,148,1,148,2022-03-28 14:05:42,"-99",2022-03-28 08:41:04,2022-03-28 09:08:42,16,100,1658,"",1,"
28-Mar-22",3,3,1,1,1,NA,NA,0,0,1,0,1,0,1,1,0,1,0,0,NA,5,7,1,1,NA,NA,1,1,NA,NA,NA,NA,NA,NA,NA,NA,NA,NA,NA,NA,NA,NA,NA,NA,NA,NA,NA,NA,NA,0,0,0,0,1,0,0,0,0,0,0,0,0,0,1,0,0,0,0,0,0,0,0,1,0,0,0,0,0,0,0,0,0,1,NA,NA,NA,NA,NA,NA,NA,NA,NA,NA,NA,NA,NA,NA,NA,NA,NA,NA,NA,NA,NA,NA,NA,1,1,0,0,1,NA,283,115,NA,NA,NA,NA,NA,NA,NA,NA,NA,NA,2,0,0,1,0,0,0,0,0,0,0,NA,NA,NA,NA,NA,NA,NA,NA,NA,NA,NA,NA,NA,NA,NA,NA,NA,NA,NA,NA,NA,NA,NA,"high",1,0,0,"large"
"43","B31",1,NA,NA,NA,NA,NA,NA,4,3,2,2,4,3,5,5,5,4,2,3,5,5,23,5,5,7,22,8,319,2000,1,3,154,1,154,2022-03-28 14:06:44,"-99",2022-03-28 08:40:25,2022-03-28 09:00:04,16,100,1178,"",1,"
28-Mar-22",3,3,1,1,1,NA,NA,0,0,1,0,1,0,1,1,0,0,0,0,NA,4,1,1,1,NA,NA,1,1,NA,NA,NA,NA,NA,NA,NA,NA,NA,NA,NA,NA,NA,NA,NA,NA,NA,NA,NA,NA,NA,0,0,0,0,1,1,0,0,0,1,0,1,1,0,0,1,0,0,0,0,0,1,0,0,0,0,0,0,1,0,0,0,0,1,NA,NA,NA,NA,NA,NA,NA,NA,NA,NA,NA,NA,NA,NA,NA,NA,NA,NA,NA,NA,NA,NA,NA,3,NA,NA,NA,NA,NA,NA,NA,NA,NA,NA,NA,NA,NA,NA,NA,NA,NA,NA,NA,NA,NA,NA,NA,NA,NA,NA,NA,NA,NA,NA,NA,NA,NA,NA,NA,NA,NA,NA,NA,NA,NA,NA,NA,NA,NA,NA,NA,NA,NA,NA,NA,"high",3,0,0,"large"
"44","B31",1,NA,NA,NA,NA,NA,NA,2,2,1,1,2,2,5,5,5,3,2,4,5,5,24,5,5,7,20,1,306,2002,1,2,159,1,159,2022-03-28 14:08:43,"-99",2022-03-28 08:41:28,2022-03-28 08:58:22,16,100,1013,"",1,"
28-Mar-22",3,3,1,1,1,NA,NA,0,0,1,0,1,0,1,1,0,0,0,0,NA,4,7,1,1,NA,NA,1,1,NA,NA,NA,NA,NA,NA,NA,NA,NA,NA,NA,NA,NA,NA,NA,NA,NA,NA,NA,NA,NA,0,1,0,0,0,0,0,0,0,0,0,1,0,0,0,0,0,0,0,0,1,0,0,0,0,0,0,0,0,0,0,0,0,2,NA,4,NA,NA,NA,NA,NA,NA,NA,NA,4,NA,NA,NA,NA,NA,NA,NA,NA,NA,NA,NA,NA,1,0,1,0,2,NA,NA,NA,273,77,NA,NA,NA,NA,NA,NA,NA,NA,-99,NA,NA,NA,NA,NA,NA,NA,NA,NA,NA,NA,NA,NA,NA,NA,NA,NA,NA,NA,NA,NA,NA,NA,NA,NA,NA,NA,NA,NA,NA,NA,NA,NA,"high",0,0,0,"large"
"45","B34",1,NA,NA,NA,NA,NA,NA,3,4,2,2,3,4,4,4,2,3,NA,NA,4,4,23,3,4,5,134,5,324,1888,1,4,217,1,217,2022-04-04 00:16:36,"-99",2022-04-03 05:21:15,2022-04-03 05:51:03,16,100,1787,"",1,"
4-Apr-22",6,2,1,2,3,NA,NA,0,0,0,1,0,0,0,0,0,0,0,0,NA,1,2,-99,3,0,1,NA,NA,NA,NA,NA,NA,NA,NA,NA,NA,1,1,NA,NA,NA,NA,NA,NA,NA,NA,NA,NA,5,0,0,0,1,1,1,1,0,0,0,0,0,0,0,1,1,1,0,0,1,1,0,0,0,0,0,1,0,0,1,0,1,1,1,NA,NA,NA,NA,NA,NA,NA,NA,NA,NA,NA,NA,NA,NA,NA,NA,NA,NA,NA,NA,NA,NA,NA,1,1,0,0,1,NA,NA,NA,NA,NA,NA,NA,NA,NA,-99,-99,NA,NA,-99,0,0,0,1,0,1,1,0,0,0,1,NA,NA,NA,0,0,0,NA,NA,NA,0,NA,NA,NA,NA,NA,0,NA,NA,0,NA,0,0,"low",4,3,0,"small"
"46","B34",1,NA,NA,NA,NA,NA,NA,3,5,2,3,3,5,5,5,1,1,NA,NA,5,5,30,5,5,7,37,8,329,1985,2,3,240,1,240,2022-04-04 00:27:34,"-99",2022-04-03 05:20:52,2022-04-03 05:32:03,16,100,671,"",1,"
4-Apr-22",6,2,1,2,3,NA,NA,0,0,1,0,0,0,0,1,0,0,0,0,NA,2,1,-99,3,0,1,NA,NA,NA,NA,NA,NA,NA,NA,NA,NA,1,1,NA,NA,NA,NA,NA,NA,NA,NA,NA,NA,3,0,0,0,0,0,1,1,0,0,0,0,0,0,0,1,1,0,0,0,1,1,1,0,0,0,0,0,0,0,0,0,0,0,2,NA,NA,NA,NA,1,1,NA,NA,NA,8,1,1,NA,NA,NA,NA,NA,NA,NA,NA,NA,NA,NA,2,NA,NA,NA,NA,NA,NA,NA,NA,NA,NA,NA,NA,NA,NA,NA,NA,NA,NA,NA,NA,NA,NA,NA,NA,NA,NA,NA,NA,NA,NA,NA,NA,NA,NA,NA,NA,NA,NA,NA,NA,NA,NA,NA,NA,NA,NA,NA,NA,NA,NA,NA,"low",2,0,0,"small"
"47","B35",1,NA,NA,NA,NA,NA,NA,2,4,1,2,2,4,5,5,2,4,NA,NA,5,5,26,4,4,7,23,5,324,1999,1,3,227,1,227,2022-04-04 00:20:13,"-99",2022-04-03 05:31:47,2022-04-03 05:42:38,16,100,650,"",1,"
4-Apr-22",6,2,1,2,1,NA,NA,0,0,0,0,0,0,1,0,0,1,0,0,NA,2,1,-99,3,0,1,NA,NA,NA,NA,NA,NA,NA,NA,NA,NA,1,1,NA,NA,NA,NA,NA,NA,NA,NA,NA,NA,3,0,0,0,0,1,0,0,0,0,0,0,0,0,0,0,0,0,0,0,0,0,0,0,0,0,0,0,0,0,0,0,0,1,1,NA,NA,NA,NA,NA,NA,NA,NA,NA,NA,NA,NA,NA,NA,NA,NA,NA,NA,NA,NA,NA,NA,NA,1,0,1,0,2,NA,NA,NA,NA,NA,NA,NA,NA,NA,NA,NA,-99,-99,4,NA,NA,NA,NA,NA,NA,NA,NA,NA,NA,NA,NA,NA,NA,NA,NA,NA,NA,NA,NA,NA,NA,NA,NA,NA,NA,NA,NA,NA,NA,NA,NA,NA,"low",1,0,0,"small"
"48","B35",1,NA,NA,NA,NA,NA,NA,1,4,1,2,1,4,5,5,6,6,NA,NA,5,5,20,5,5,7,24,0,303,1998,2,2,232,1,232,2022-04-04 00:24:26,"-99",2022-04-03 05:32:25,2022-04-03 05:42:03,16,100,578,"",1,"
4-Apr-22",6,2,1,2,1,NA,NA,0,0,0,1,0,1,1,1,0,0,1,0,NA,5,1,-99,3,0,1,NA,NA,NA,NA,NA,NA,NA,NA,NA,NA,1,1,NA,NA,NA,NA,NA,NA,NA,NA,NA,NA,1,0,0,0,0,0,0,0,0,0,1,0,0,0,0,0,0,0,0,0,0,1,0,0,0,0,0,0,0,0,0,0,0,0,1,NA,NA,NA,NA,NA,NA,NA,NA,NA,NA,NA,NA,NA,NA,NA,NA,NA,NA,NA,NA,NA,NA,NA,2,NA,NA,NA,NA,NA,NA,NA,NA,NA,NA,NA,NA,NA,NA,NA,NA,NA,NA,NA,NA,NA,NA,NA,NA,NA,NA,NA,NA,NA,NA,NA,NA,NA,NA,NA,NA,NA,NA,NA,NA,NA,NA,NA,NA,NA,NA,NA,NA,NA,NA,NA,"low",1,0,0,"small"
"49","B36",1,NA,NA,NA,NA,NA,NA,3,2,2,1,3,2,5,5,1,5,NA,NA,5,5,26,5,5,7,55,30,309,1967,2,2,223,1,223,2022-04-04 00:17:53,"-99",2022-04-03 05:39:12,2022-04-03 05:51:05,16,100,712,"",1,"
4-Apr-22",6,2,1,2,1,NA,NA,0,0,1,0,1,0,0,1,0,0,0,0,NA,3,1,4,3,0,1,NA,NA,NA,NA,NA,NA,NA,NA,NA,NA,1,1,NA,NA,NA,NA,NA,NA,NA,NA,NA,NA,1,0,0,0,0,1,0,0,0,0,0,1,0,0,0,0,0,0,0,0,0,0,0,0,0,0,0,0,0,0,0,0,0,0,NA,NA,NA,NA,NA,NA,NA,NA,NA,NA,NA,NA,NA,NA,NA,NA,NA,NA,NA,NA,NA,NA,NA,NA,2,NA,NA,NA,NA,NA,NA,NA,NA,NA,NA,NA,NA,NA,NA,NA,NA,NA,NA,NA,NA,NA,NA,NA,NA,NA,NA,NA,NA,NA,NA,NA,NA,NA,NA,NA,NA,NA,NA,NA,NA,NA,NA,NA,NA,NA,NA,NA,NA,NA,NA,NA,"low",1,0,0,"small"
"50","B36",1,NA,NA,NA,NA,NA,NA,3,4,2,2,3,4,6,6,6,4,NA,NA,4,6,24,5,5,6,52,30,309,1970,1,2,241,1,241,2022-04-04 00:27:36,"-99",2022-04-03 05:38:08,2022-04-03 05:50:38,16,100,749,"",1,"
4-Apr-22",6,2,1,2,1,NA,NA,0,0,1,0,0,0,0,0,0,0,0,0,NA,1,1,4,3,0,1,NA,NA,NA,NA,NA,NA,NA,NA,NA,NA,1,1,NA,NA,NA,NA,NA,NA,NA,NA,NA,NA,1,0,0,0,1,0,0,1,0,0,0,0,0,0,0,0,0,0,0,0,0,0,0,1,1,1,0,0,0,0,0,0,0,0,1,NA,NA,NA,NA,NA,NA,NA,NA,NA,NA,NA,NA,NA,NA,NA,NA,NA,NA,NA,NA,NA,NA,NA,1,0,0,1,2,NA,NA,NA,NA,NA,NA,NA,NA,NA,NA,NA,410,79,3,NA,NA,NA,NA,NA,NA,NA,NA,NA,NA,NA,NA,NA,NA,NA,NA,NA,NA,NA,NA,NA,NA,NA,NA,NA,NA,NA,NA,NA,NA,NA,NA,NA,"low",2,0,0,"small"
"51","B38",1,NA,NA,NA,NA,NA,NA,4,4,2,2,4,4,5,5,2,4,NA,NA,4,4,24,5,4,6,39,5,319,1983,2,4,228,1,228,2022-04-04 00:20:15,"-99",2022-04-03 05:44:46,2022-04-03 05:52:58,16,100,492,"",1,"
4-Apr-22",6,2,1,2,1,NA,NA,0,0,1,0,1,0,0,0,0,0,0,0,NA,2,2,3,3,0,1,NA,NA,NA,NA,NA,NA,NA,NA,NA,NA,1,1,NA,NA,NA,NA,NA,NA,NA,NA,NA,NA,2,0,0,1,0,0,0,0,0,0,0,0,0,0,0,1,0,0,0,0,0,1,1,1,1,0,0,0,0,0,0,0,0,1,2,NA,NA,NA,NA,1,NA,NA,NA,NA,NA,1,1,1,1,NA,NA,NA,NA,NA,NA,NA,NA,7,2,NA,NA,NA,NA,NA,NA,NA,NA,NA,NA,NA,NA,NA,NA,NA,NA,NA,NA,NA,NA,NA,NA,NA,NA,NA,NA,NA,NA,NA,NA,NA,NA,NA,NA,NA,NA,NA,NA,NA,NA,NA,NA,NA,NA,NA,NA,NA,NA,NA,NA,NA,"low",1,0,0,"small"
"52","B38",1,NA,NA,NA,NA,NA,NA,2,5,1,3,2,5,5,5,1,1,NA,NA,5,5,30,5,5,7,35,16,339,1987,2,4,233,1,233,2022-04-04 00:24:27,"-99",2022-04-03 05:43:59,2022-04-03 05:53:34,16,100,575,"",1,"
4-Apr-22",6,2,1,2,2,NA,NA,0,0,0,0,0,1,0,0,0,0,0,0,NA,1,2,1,3,0,1,NA,NA,NA,NA,NA,NA,NA,NA,NA,NA,1,1,NA,NA,NA,NA,NA,NA,NA,NA,NA,NA,1,0,0,0,0,0,1,1,1,0,0,0,0,1,1,1,1,1,0,1,0,1,0,1,1,0,0,0,0,0,0,0,0,0,1,NA,NA,NA,NA,NA,NA,NA,NA,NA,NA,NA,NA,NA,NA,NA,NA,NA,NA,NA,NA,NA,NA,NA,2,NA,NA,NA,NA,NA,NA,NA,NA,NA,NA,NA,NA,NA,NA,NA,NA,NA,NA,NA,NA,NA,NA,NA,NA,NA,NA,NA,NA,NA,NA,NA,NA,NA,NA,NA,NA,NA,NA,NA,NA,NA,NA,NA,NA,NA,NA,NA,NA,NA,NA,NA,"low",3,0,0,"small"
"53","B41",1,NA,NA,NA,NA,NA,NA,2,2,1,1,2,2,5,5,1,2,NA,NA,5,5,29,5,5,7,39,2,319,1983,1,4,218,1,218,2022-04-04 00:16:37,"-99",2022-04-03 07:34:35,2022-04-03 07:42:35,16,100,479,"",1,"
4-Apr-22",6,2,1,2,1,NA,NA,0,0,0,0,1,0,0,0,0,0,0,0,NA,1,1,1,3,0,1,NA,NA,NA,NA,NA,NA,NA,NA,NA,NA,1,1,NA,NA,NA,NA,NA,NA,NA,NA,NA,NA,1,0,0,0,0,1,1,1,0,0,0,0,1,1,0,0,0,0,0,0,0,0,0,0,1,0,0,0,0,0,0,0,0,0,1,NA,NA,NA,NA,NA,NA,NA,NA,NA,NA,NA,NA,NA,NA,NA,NA,NA,NA,NA,NA,NA,NA,NA,2,NA,NA,NA,NA,NA,NA,NA,NA,NA,NA,NA,NA,NA,NA,NA,NA,NA,NA,NA,NA,NA,NA,NA,NA,NA,NA,NA,NA,NA,NA,NA,NA,NA,NA,NA,NA,NA,NA,NA,NA,NA,NA,NA,NA,NA,NA,NA,NA,NA,NA,NA,"low",3,0,0,"small"
"54","B41",1,NA,NA,NA,NA,NA,NA,4,4,2,2,4,4,4,4,1,5,NA,NA,4,4,22,5,4,6,56,30,319,1966,2,3,224,1,224,2022-04-04 00:17:53,"Hopping",2022-04-03 07:34:32,2022-04-03 07:51:51,16,100,1038,"",1,"
4-Apr-22",6,2,1,2,1,NA,NA,0,0,0,0,0,0,0,0,0,0,0,1,1,1,1,-99,3,0,1,NA,NA,NA,NA,NA,NA,NA,NA,NA,NA,1,1,NA,NA,NA,NA,NA,NA,NA,NA,NA,NA,4,0,0,0,1,1,1,1,0,0,0,1,0,0,0,0,0,0,0,0,0,0,0,0,0,0,0,0,0,0,0,0,0,0,NA,NA,NA,NA,NA,NA,NA,NA,NA,NA,NA,NA,NA,NA,NA,NA,NA,NA,NA,NA,NA,NA,NA,NA,1,1,1,0,-99,NA,NA,NA,NA,NA,NA,NA,NA,NA,NA,NA,NA,NA,1,1,0,0,0,0,0,0,0,0,0,NA,NA,NA,NA,NA,NA,NA,NA,NA,NA,NA,NA,NA,NA,NA,NA,NA,NA,NA,NA,NA,NA,NA,"low",4,0,0,"small"
"55","B42",1,NA,NA,NA,NA,NA,NA,4,5,2,3,4,5,5,5,1,2,NA,NA,5,5,29,5,5,7,25,11,309,1997,2,1,219,1,219,2022-04-04 00:16:39,"-99",2022-04-03 08:06:07,2022-04-03 08:21:26,16,100,919,"",1,"
4-Apr-22",6,2,1,2,1,NA,NA,0,0,0,0,0,1,1,1,0,0,0,0,NA,3,2,3,3,0,1,NA,NA,NA,NA,NA,NA,NA,NA,NA,NA,1,1,NA,NA,NA,NA,NA,NA,NA,NA,NA,NA,1,0,0,0,1,0,0,0,1,0,1,0,1,1,0,1,0,0,0,0,0,1,0,0,0,0,0,0,0,0,0,0,0,1,2,NA,7,7,NA,1,NA,NA,NA,NA,NA,5,NA,NA,NA,NA,NA,NA,NA,NA,NA,NA,NA,7,1,1,0,0,2,NA,NA,NA,NA,NA,NA,NA,NA,NA,NA,NA,412,394,3,0,0,0,1,0,0,0,1,0,0,0,NA,NA,NA,1,NA,NA,NA,0,NA,0,NA,NA,NA,NA,NA,NA,NA,NA,0,NA,NA,0,"low",3,2,1,"small"
"56","B42",1,NA,NA,NA,NA,NA,NA,3,3,2,2,3,3,5,5,1,2,NA,NA,4,4,27,5,5,7,23,5,319,1999,1,3,225,1,225,2022-04-04 00:17:54,"-99",2022-04-03 08:05:22,2022-04-03 08:17:58,16,100,755,"",1,"
4-Apr-22",6,2,1,2,1,NA,NA,0,0,0,0,0,1,1,1,0,0,0,0,NA,3,1,3,3,0,1,NA,NA,NA,NA,NA,NA,NA,NA,NA,NA,1,1,NA,NA,NA,NA,NA,NA,NA,NA,NA,NA,2,0,0,0,0,0,0,1,1,0,0,0,1,1,0,0,0,0,0,1,0,1,0,0,0,0,0,0,0,0,0,0,0,0,1,NA,NA,NA,NA,NA,NA,NA,NA,NA,NA,NA,NA,NA,NA,NA,NA,NA,NA,NA,NA,NA,NA,NA,2,NA,NA,NA,NA,NA,NA,NA,NA,NA,NA,NA,NA,NA,NA,NA,NA,NA,NA,NA,NA,NA,NA,NA,NA,NA,NA,NA,NA,NA,NA,NA,NA,NA,NA,NA,NA,NA,NA,NA,NA,NA,NA,NA,NA,NA,NA,NA,NA,NA,NA,NA,"low",2,0,0,"small"
"57","B5",1,NA,NA,NA,NA,NA,NA,5,5,3,3,5,5,5,5,5,4,NA,NA,5,5,23,4,4,6,46,26,349,1976,2,2,19,1,19,2022-03-26 13:29:17,"-99",2022-03-26 06:05:26,2022-03-26 06:24:58,16,100,1172,"",1,"
26-Mar-22",1,4,1,1,3,NA,NA,0,0,0,0,0,0,1,0,0,0,0,0,NA,1,1,3,1,NA,NA,1,1,NA,NA,NA,NA,NA,NA,NA,NA,NA,NA,NA,NA,NA,NA,NA,NA,NA,NA,NA,NA,NA,0,0,0,1,0,0,0,0,0,0,0,0,0,0,0,0,0,0,0,0,0,0,0,1,0,0,0,0,0,0,0,0,0,1,NA,NA,NA,NA,NA,NA,NA,NA,NA,NA,NA,NA,NA,NA,NA,NA,NA,NA,NA,NA,NA,NA,NA,2,NA,NA,NA,NA,NA,NA,NA,NA,NA,NA,NA,NA,NA,NA,NA,NA,NA,NA,NA,NA,NA,NA,NA,NA,NA,NA,NA,NA,NA,NA,NA,NA,NA,NA,NA,NA,NA,NA,NA,NA,NA,NA,NA,NA,NA,NA,NA,NA,NA,NA,NA,"high",1,0,0,"large"
"58","B5",1,NA,NA,NA,NA,NA,NA,3,3,2,2,3,3,5,5,2,3,NA,NA,4,5,26,4,5,7,56,30,314,1966,2,2,37,1,37,2022-03-26 13:32:53,"-99",2022-03-26 05:33:40,2022-03-26 05:56:03,16,100,1343,"",1,"
26-Mar-22",1,4,1,1,3,NA,NA,0,0,0,0,0,1,1,1,0,0,0,0,NA,3,1,4,1,NA,NA,1,1,NA,NA,NA,NA,NA,NA,NA,NA,NA,NA,NA,NA,NA,NA,NA,NA,NA,NA,NA,NA,NA,0,0,0,1,0,1,0,0,0,0,0,1,0,0,0,0,1,1,1,0,0,0,0,0,0,0,0,0,0,0,0,0,0,1,NA,NA,NA,NA,NA,NA,NA,NA,NA,NA,NA,NA,NA,NA,NA,NA,NA,NA,NA,NA,NA,NA,NA,1,1,0,0,1,NA,467,431,NA,NA,NA,NA,NA,NA,NA,NA,NA,NA,2,0,0,0,1,0,1,0,0,0,0,NA,NA,NA,NA,NA,NA,NA,NA,NA,NA,NA,NA,NA,NA,NA,NA,NA,NA,NA,NA,NA,NA,NA,"high",2,2,0,"large"
"59","B5",1,NA,NA,NA,NA,NA,NA,3,4,2,2,3,4,4,5,2,4,NA,NA,4,4,23,4,4,4,40,7,324,1982,2,2,47,1,47,2022-03-26 13:39:15,"-99",2018-03-05 18:08:11,2018-03-05 18:24:34,16,100,983,"",1,"
26-Mar-22",1,4,1,1,3,NA,NA,0,0,0,0,0,1,1,1,0,0,0,0,NA,3,1,3,1,NA,NA,1,1,NA,NA,NA,NA,NA,NA,NA,NA,NA,NA,NA,NA,NA,NA,NA,NA,NA,NA,NA,NA,NA,0,0,0,1,0,1,0,0,0,0,0,0,0,0,0,0,0,0,0,0,0,0,0,1,0,0,0,0,0,0,0,0,0,1,NA,NA,NA,NA,NA,NA,NA,NA,NA,NA,NA,NA,NA,NA,NA,NA,NA,NA,NA,NA,NA,NA,NA,2,NA,NA,NA,NA,NA,NA,NA,NA,NA,NA,NA,NA,NA,NA,NA,NA,NA,NA,NA,NA,NA,NA,NA,NA,NA,NA,NA,NA,NA,NA,NA,NA,NA,NA,NA,NA,NA,NA,NA,NA,NA,NA,NA,NA,NA,NA,NA,NA,NA,NA,NA,"high",2,0,0,"large"
"60","B5",1,NA,NA,NA,NA,NA,NA,4,5,2,3,4,5,4,4,2,4,NA,NA,4,4,22,4,5,7,40,-99,329,1982,2,3,51,1,51,2022-03-26 13:42:05,"-99",2022-03-26 06:08:17,2022-03-26 06:24:49,16,100,991,"",1,"
26-Mar-22",1,4,1,1,3,NA,NA,0,0,0,0,0,0,1,0,0,0,0,0,NA,1,1,4,1,NA,NA,1,1,NA,NA,NA,NA,NA,NA,NA,NA,NA,NA,NA,NA,NA,NA,NA,NA,NA,NA,NA,NA,NA,0,0,0,1,0,0,0,0,0,0,0,0,0,0,1,0,0,0,0,0,0,0,0,0,0,0,0,0,0,0,0,0,0,1,NA,NA,NA,NA,NA,NA,NA,NA,NA,NA,NA,NA,NA,NA,NA,NA,NA,NA,NA,NA,NA,NA,NA,2,NA,NA,NA,NA,NA,NA,NA,NA,NA,NA,NA,NA,NA,NA,NA,NA,NA,NA,NA,NA,NA,NA,NA,NA,NA,NA,NA,NA,NA,NA,NA,NA,NA,NA,NA,NA,NA,NA,NA,NA,NA,NA,NA,NA,NA,NA,NA,NA,NA,NA,NA,"high",1,0,0,"large"
"61","B6",1,NA,NA,NA,NA,NA,NA,4,4,2,2,4,4,5,5,6,2,1,5,5,5,24,5,5,7,52,40,304,1970,2,4,38,1,38,2022-03-26 13:32:55,"-99",2022-03-26 06:09:55,2022-03-26 06:24:27,16,100,871,"",1,"
26-Mar-22",1,3,1,1,1,NA,NA,0,0,1,0,0,0,0,0,0,0,0,0,NA,1,1,4,1,NA,NA,1,1,NA,NA,NA,NA,NA,NA,NA,NA,NA,NA,NA,NA,NA,NA,NA,NA,NA,NA,NA,NA,NA,0,0,0,0,0,1,0,0,0,0,0,0,0,0,1,1,1,0,0,0,0,1,1,0,0,0,0,0,0,0,0,0,0,1,NA,NA,NA,NA,NA,NA,NA,NA,NA,NA,NA,NA,NA,NA,NA,NA,NA,NA,NA,NA,NA,NA,NA,1,0,1,0,1,NA,516,443,NA,NA,NA,NA,NA,NA,NA,NA,NA,NA,4,NA,NA,NA,NA,NA,NA,NA,NA,NA,NA,NA,NA,NA,NA,NA,NA,NA,NA,NA,NA,NA,NA,NA,NA,NA,NA,NA,NA,NA,NA,NA,NA,NA,"high",1,0,0,"large"
"62","B6",1,NA,NA,NA,NA,NA,NA,4,4,2,2,4,4,5,5,2,4,5,3,5,5,26,4,4,6,48,20,319,1974,2,4,58,1,58,2022-03-26 15:58:22,"-99",2022-03-26 06:10:15,2022-03-26 06:24:58,16,100,882,"",1,"
26-Mar-22",1,3,1,1,1,NA,NA,0,0,1,0,0,0,0,0,0,0,0,0,NA,1,1,4,1,NA,NA,1,1,NA,NA,NA,NA,NA,NA,NA,NA,NA,NA,NA,NA,NA,NA,NA,NA,NA,NA,NA,NA,NA,0,0,0,0,1,1,0,0,0,0,0,0,0,0,0,1,0,0,0,0,0,1,0,0,0,0,0,0,0,0,0,0,0,1,NA,NA,NA,NA,NA,NA,NA,NA,NA,NA,NA,NA,NA,NA,NA,NA,NA,NA,NA,NA,NA,NA,NA,1,0,1,0,1,NA,503,442,NA,NA,NA,NA,NA,NA,NA,NA,NA,NA,5,NA,NA,NA,NA,NA,NA,NA,NA,NA,NA,NA,NA,NA,NA,NA,NA,NA,NA,NA,NA,NA,NA,NA,NA,NA,NA,NA,NA,NA,NA,NA,NA,NA,"high",2,0,0,"large"
"63","B6",1,NA,NA,NA,NA,NA,NA,2,4,1,2,2,4,5,5,6,4,1,3,5,5,22,4,5,7,18,10,307,2004,1,1,64,1,64,2022-03-26 15:59:13,"-99",2022-03-26 06:10:42,2022-03-26 06:28:06,16,100,1043,"",1,"
26-Mar-22",1,3,1,1,1,NA,NA,0,0,1,0,1,1,1,1,0,0,0,0,NA,5,7,3,1,NA,NA,1,1,NA,NA,NA,NA,NA,NA,NA,NA,NA,NA,NA,NA,NA,NA,NA,NA,NA,NA,NA,NA,NA,0,0,0,0,0,1,0,0,0,0,1,0,0,0,0,0,0,0,0,0,0,0,0,0,0,0,0,0,0,0,0,0,0,NA,NA,NA,NA,NA,NA,NA,NA,NA,NA,NA,NA,NA,NA,NA,NA,NA,NA,NA,NA,NA,NA,NA,NA,1,1,0,0,2,NA,NA,NA,595,499,NA,NA,NA,NA,NA,NA,NA,NA,4,0,0,0,0,0,1,0,0,0,0,NA,NA,NA,NA,NA,NA,NA,NA,NA,NA,NA,NA,NA,NA,NA,NA,NA,NA,NA,NA,NA,NA,NA,"high",1,1,0,"large"
"64","B9",1,NA,NA,NA,NA,NA,NA,4,6,2,3,4,6,5,5,2,1,NA,NA,5,5,29,5,5,7,28,8,334,1994,2,4,55,1,55,2022-03-26 13:42:09,"-99",2022-03-26 08:21:48,2022-03-26 08:38:55,16,100,1026,"",1,"
26-Mar-22",1,2,1,1,3,NA,NA,0,0,0,0,0,1,0,0,0,0,0,0,NA,1,1,3,1,NA,NA,1,1,NA,NA,NA,NA,NA,NA,NA,NA,NA,NA,NA,NA,NA,NA,NA,NA,NA,NA,NA,NA,NA,0,0,0,1,1,1,0,0,0,0,0,0,0,0,1,1,0,0,0,0,0,1,1,0,0,0,0,0,0,0,0,0,0,1,NA,NA,NA,NA,NA,NA,NA,NA,NA,NA,NA,NA,NA,NA,NA,NA,NA,NA,NA,NA,NA,NA,NA,1,0,1,0,2,NA,NA,NA,289,75,NA,NA,NA,NA,NA,NA,NA,NA,4,NA,NA,NA,NA,NA,NA,NA,NA,NA,NA,NA,NA,NA,NA,NA,NA,NA,NA,NA,NA,NA,NA,NA,NA,NA,NA,NA,NA,NA,NA,NA,NA,NA,"high",3,0,0,"small"
"65","B9",1,NA,NA,NA,NA,NA,NA,4,5,2,3,4,5,5,5,4,2,NA,NA,4,5,25,4,5,7,28,5,329,1994,1,4,62,1,62,2022-03-26 15:58:26,"-99",2022-03-26 08:21:09,2022-03-26 08:38:29,16,100,1040,"",1,"
26-Mar-22",1,2,1,1,1,NA,NA,0,0,0,1,0,0,0,0,0,0,0,0,NA,1,1,3,1,NA,NA,1,1,NA,NA,NA,NA,NA,NA,NA,NA,NA,NA,NA,NA,NA,NA,NA,NA,NA,NA,NA,NA,NA,0,0,0,0,1,1,0,0,0,1,0,1,1,0,1,1,1,0,0,0,0,1,0,1,0,1,0,0,0,0,0,0,0,2,NA,1,1,NA,5,1,3,NA,NA,NA,NA,1,NA,5,NA,5,NA,NA,NA,NA,NA,NA,NA,1,1,0,0,1,NA,162,65,NA,NA,NA,NA,NA,NA,NA,NA,NA,NA,4,0,0,0,0,0,1,0,0,0,0,NA,NA,NA,NA,NA,NA,NA,NA,NA,NA,NA,NA,NA,NA,NA,NA,NA,NA,NA,NA,NA,NA,NA,"high",3,1,0,"small"
"66","C1",1,NA,NA,NA,NA,NA,NA,4,4,2,2,4,4,5,5,5,4,NA,NA,5,5,23,5,5,7,21,5,324,2001,2,1,8,1,8,2022-03-26 12:31:49,"-99",2022-03-26 03:55:52,2022-03-26 04:16:38,16,100,1245,"",1,"
26-Mar-22",1,2,1,1,1,NA,NA,0,0,0,1,1,1,1,1,0,1,0,0,NA,6,1,4,3,NA,1,NA,NA,NA,NA,NA,NA,NA,NA,NA,NA,-99,NA,NA,NA,NA,NA,1,1,NA,NA,NA,NA,NA,0,0,0,1,0,1,0,0,0,0,0,0,0,0,1,1,0,0,0,0,0,0,0,0,1,0,0,0,1,0,0,0,0,2,NA,NA,NA,NA,1,7,NA,NA,NA,NA,NA,NA,NA,NA,1,NA,NA,NA,1,NA,NA,NA,NA,1,1,0,0,1,NA,NA,NA,NA,NA,NA,NA,NA,NA,316,374,NA,NA,4,0,0,0,1,0,1,0,0,0,0,NA,NA,NA,NA,NA,NA,NA,NA,NA,NA,NA,NA,NA,NA,NA,NA,NA,NA,NA,NA,NA,NA,NA,"low",2,2,0,"small"
"67","C1",1,NA,NA,NA,NA,NA,NA,4,4,2,2,4,4,1,1,2,4,NA,NA,4,4,16,5,4,6,23,17,324,1999,2,4,22,1,22,2022-03-26 13:30:39,"-99",2022-03-26 03:55:48,2022-03-26 04:19:08,16,100,1399,"",1,"
26-Mar-22",1,2,1,1,1,NA,NA,0,0,0,1,0,0,0,0,0,0,0,0,NA,1,1,3,3,NA,1,NA,NA,NA,NA,NA,NA,NA,NA,NA,NA,-99,NA,NA,NA,NA,NA,1,1,NA,NA,NA,NA,NA,0,0,0,1,0,1,0,0,0,0,0,0,0,0,1,1,1,0,0,0,0,1,0,0,0,1,0,0,1,1,0,1,0,2,NA,NA,NA,NA,1,4,5,NA,NA,NA,NA,5,NA,NA,NA,1,NA,NA,1,1,NA,2,NA,1,1,1,1,1,NA,NA,NA,NA,NA,NA,NA,NA,NA,314,373,NA,NA,2,0,0,0,1,0,1,0,0,0,0,NA,NA,NA,NA,NA,NA,NA,NA,NA,NA,NA,NA,NA,NA,NA,NA,NA,NA,NA,NA,NA,NA,NA,"low",2,2,0,"small"
"68","C13",1,1,1,NA,NA,NA,NA,3,4,2,2,3,4,1,1,1,2,NA,NA,1,1,13,5,5,5,27,-99,309,1995,2,3,71,1,71,2022-03-27 11:20:48,"-99",2022-03-27 06:56:14,2022-03-27 07:03:19,16,100,424,"",1,"
27-Mar-22",2,3,1,1,1,NA,NA,0,0,1,0,0,0,0,0,0,0,0,0,NA,1,1,4,2,1,NA,NA,NA,NA,NA,NA,NA,NA,NA,NA,NA,NA,NA,NA,NA,NA,NA,NA,NA,NA,NA,NA,NA,NA,0,0,1,0,0,0,0,0,0,0,0,0,0,0,0,1,0,0,0,0,0,0,0,0,0,0,0,0,0,0,0,0,0,-99,NA,NA,NA,NA,NA,NA,NA,NA,NA,NA,NA,NA,NA,NA,NA,NA,NA,NA,NA,NA,NA,NA,NA,1,0,1,0,1,NA,NA,NA,NA,NA,225,161,NA,NA,NA,NA,NA,NA,1,NA,NA,NA,NA,NA,NA,NA,NA,NA,NA,NA,NA,NA,NA,NA,NA,NA,NA,NA,NA,NA,NA,NA,NA,NA,NA,NA,NA,NA,NA,NA,NA,NA,"low",1,0,0,"large"
"69","C13",1,1,1,NA,NA,NA,NA,4,6,2,3,4,6,4,4,4,2,NA,NA,4,5,23,-99,5,7,27,-99,379,1995,2,4,78,1,78,2022-03-27 11:21:57,"-99",2022-03-27 06:43:33,2022-03-27 07:06:24,16,100,1371,"",1,"
27-Mar-22",2,3,1,1,1,NA,NA,0,0,1,1,0,0,0,0,0,0,0,0,NA,2,1,4,2,1,NA,NA,NA,NA,NA,NA,NA,NA,NA,NA,NA,NA,NA,NA,NA,NA,NA,NA,NA,NA,NA,NA,NA,NA,0,0,0,1,1,1,0,0,0,0,0,1,1,0,1,0,0,0,0,0,0,1,0,0,0,0,0,0,0,0,0,0,1,2,NA,7,-99,NA,-99,NA,NA,NA,NA,NA,NA,-99,NA,NA,NA,NA,NA,NA,NA,NA,NA,NA,-99,1,0,0,1,1,NA,NA,NA,NA,NA,202,234,NA,NA,NA,NA,NA,NA,2,NA,NA,NA,NA,NA,NA,NA,NA,NA,NA,NA,NA,NA,NA,NA,NA,NA,NA,NA,NA,NA,NA,NA,NA,NA,NA,NA,NA,NA,NA,NA,NA,NA,"low",3,0,0,"large"
"70","C13",1,1,1,NA,NA,NA,NA,3,4,2,2,3,4,5,5,5,6,NA,NA,5,5,21,5,5,7,27,4,313,1995,2,4,95,1,95,2022-03-27 11:27:04,"-99",2022-03-27 06:55:00,2022-03-27 07:07:29,16,100,749,"",1,"
27-Mar-22",2,3,1,1,1,NA,NA,0,0,1,0,1,1,1,1,0,1,0,0,NA,6,1,4,2,1,NA,NA,NA,NA,NA,NA,NA,NA,NA,NA,NA,NA,NA,NA,NA,NA,NA,NA,NA,NA,NA,NA,NA,NA,0,0,0,0,0,1,0,0,0,0,1,0,0,0,0,0,0,0,0,0,0,0,0,0,0,0,0,0,0,0,0,0,0,NA,NA,NA,NA,NA,NA,NA,NA,NA,NA,NA,NA,NA,NA,NA,NA,NA,NA,NA,NA,NA,NA,NA,NA,1,1,1,0,1,NA,NA,NA,NA,NA,226,243,NA,NA,NA,NA,NA,NA,4,0,0,0,0,0,1,0,0,0,0,NA,NA,NA,NA,NA,NA,NA,NA,NA,NA,NA,NA,NA,NA,NA,NA,NA,NA,NA,NA,NA,NA,NA,"low",1,1,0,"large"
"71","C14",1,1,1,NA,NA,NA,NA,3,4,2,2,3,4,5,5,3,2,4,5,5,5,27,4,4,6,27,-99,311,1995,1,3,84,1,84,2022-03-27 11:22:37,"-99",2022-03-27 06:40:39,2022-03-27 07:10:19,16,100,1779,"",1,"
27-Mar-22",2,2,1,1,1,NA,NA,0,0,1,0,0,0,1,1,0,1,0,0,NA,4,1,3,2,1,NA,NA,NA,NA,NA,NA,NA,NA,NA,NA,NA,NA,NA,NA,NA,NA,NA,NA,NA,NA,NA,NA,NA,NA,0,0,0,1,1,0,0,0,0,0,0,0,0,0,0,0,1,0,0,0,0,0,1,1,0,0,0,0,0,0,0,0,0,1,NA,NA,NA,NA,NA,NA,NA,NA,NA,NA,NA,NA,NA,NA,NA,NA,NA,NA,NA,NA,NA,NA,NA,2,NA,NA,NA,NA,NA,NA,NA,NA,NA,NA,NA,NA,NA,NA,NA,NA,NA,NA,NA,NA,NA,NA,NA,NA,NA,NA,NA,NA,NA,NA,NA,NA,NA,NA,NA,NA,NA,NA,NA,NA,NA,NA,NA,NA,NA,NA,NA,NA,NA,NA,NA,"high",2,0,0,"small"
"72","C14",1,1,1,NA,NA,NA,NA,3,5,2,3,3,5,5,5,3,3,4,4,2,4,22,4,4,6,27,-99,314,1995,2,2,103,1,103,2022-03-27 11:27:36,"-99",2022-03-27 06:36:15,2022-03-27 07:11:23,16,100,2107,"",1,"
27-Mar-22",2,2,1,1,1,NA,NA,0,0,1,0,1,1,1,1,0,1,0,0,NA,6,1,4,2,1,NA,NA,NA,NA,NA,NA,NA,NA,NA,NA,NA,NA,NA,NA,NA,NA,NA,NA,NA,NA,NA,NA,NA,NA,0,0,0,1,0,1,0,0,0,0,0,1,0,1,1,1,1,0,0,0,1,1,0,0,0,0,0,0,1,0,0,0,0,1,NA,NA,NA,NA,NA,NA,NA,NA,NA,NA,NA,NA,NA,NA,NA,NA,NA,NA,NA,NA,NA,NA,NA,1,0,1,0,1,NA,NA,NA,NA,NA,598,613,NA,NA,NA,NA,NA,NA,4,NA,NA,NA,NA,NA,NA,NA,NA,NA,NA,NA,NA,NA,NA,NA,NA,NA,NA,NA,NA,NA,NA,NA,NA,NA,NA,NA,NA,NA,NA,NA,NA,NA,"high",2,0,0,"small"
"73","C17",1,NA,NA,NA,NA,NA,NA,3,4,2,2,3,4,5,5,5,3,NA,NA,5,5,24,5,4,6,23,5,319,1999,2,2,85,1,85,2022-03-27 11:22:38,"-99",2022-03-27 07:16:27,2022-03-27 07:30:03,16,100,816,"",1,"
27-Mar-22",2,2,1,1,1,NA,NA,0,0,1,0,1,1,1,1,0,0,0,0,NA,5,1,3,3,NA,1,NA,NA,NA,NA,NA,NA,NA,NA,NA,NA,1,1,NA,NA,NA,NA,NA,NA,NA,NA,NA,NA,NA,0,0,0,1,0,1,1,0,0,0,0,1,0,0,1,1,0,0,1,1,0,0,0,1,1,0,0,0,1,0,0,0,0,1,NA,NA,NA,NA,NA,NA,NA,NA,NA,NA,NA,NA,NA,NA,NA,NA,NA,NA,NA,NA,NA,NA,NA,2,NA,NA,NA,NA,NA,NA,NA,NA,NA,NA,NA,NA,NA,NA,NA,NA,NA,NA,NA,NA,NA,NA,NA,NA,NA,NA,NA,NA,NA,NA,NA,NA,NA,NA,NA,NA,NA,NA,NA,NA,NA,NA,NA,NA,NA,NA,NA,NA,NA,NA,NA,"high",3,0,0,"small"
"74","C17",1,NA,NA,NA,NA,NA,NA,3,4,2,2,3,4,5,5,1,2,NA,NA,5,5,29,5,5,5,25,-99,314,1997,2,2,96,1,96,2022-03-27 11:27:05,"-99",2022-03-27 07:07:36,2022-03-27 07:33:57,16,100,1581,"",1,"
27-Mar-22",2,2,1,1,1,NA,NA,0,0,1,0,0,0,0,0,0,0,0,0,NA,1,1,3,3,NA,1,NA,NA,NA,NA,NA,NA,NA,NA,NA,NA,1,1,NA,NA,NA,NA,NA,NA,NA,NA,NA,NA,NA,0,0,0,0,0,1,0,0,0,0,0,1,1,0,0,0,1,0,0,0,1,1,0,0,0,0,1,0,0,0,0,0,0,1,NA,NA,NA,NA,NA,NA,NA,NA,NA,NA,NA,NA,NA,NA,NA,NA,NA,NA,NA,NA,NA,NA,NA,1,1,0,0,1,NA,NA,NA,NA,NA,NA,NA,NA,NA,-99,-99,NA,NA,-99,0,0,0,0,0,1,0,0,0,0,NA,NA,NA,NA,NA,NA,NA,NA,NA,NA,NA,NA,NA,NA,NA,NA,NA,NA,NA,NA,NA,NA,NA,"high",1,1,0,"small"
"75","C18",1,NA,NA,NA,NA,NA,NA,5,5,3,3,5,5,4,5,2,2,5,5,4,5,26,4,5,7,27,-99,329,1995,2,4,97,1,97,2022-03-27 11:27:06,"-99",2022-03-27 07:45:11,2022-03-27 08:02:06,16,100,1014,"",1,"
27-Mar-22",2,2,1,1,1,NA,NA,0,0,0,1,0,0,0,0,0,0,0,0,NA,1,1,5,3,NA,1,NA,NA,NA,NA,NA,NA,NA,NA,NA,NA,1,0,NA,NA,NA,NA,0,1,NA,NA,NA,NA,NA,0,0,0,0,1,1,0,0,0,0,0,1,1,1,1,1,1,0,0,0,1,0,0,0,1,1,0,0,0,0,0,0,0,2,NA,1,1,1,1,1,1,NA,NA,NA,1,NA,NA,NA,7,1,NA,NA,NA,NA,NA,NA,NA,1,1,1,1,1,NA,NA,NA,NA,NA,NA,NA,NA,NA,281,339,NA,NA,2,0,0,0,0,0,1,0,0,0,0,NA,NA,NA,NA,NA,NA,NA,NA,NA,NA,NA,NA,NA,NA,NA,NA,NA,NA,NA,NA,NA,NA,NA,"low",2,1,0,"small"
"76","C18",1,NA,NA,NA,NA,NA,NA,4,5,2,3,4,5,5,5,1,2,NA,NA,5,5,29,5,5,7,28,5,329,1994,2,4,105,1,105,2022-03-27 11:27:38,"-99",2022-03-27 07:30:44,2022-03-27 07:57:11,16,100,1587,"",1,"
27-Mar-22",2,2,1,1,1,NA,NA,0,0,0,1,0,0,0,0,0,1,0,0,NA,2,2,4,3,NA,1,NA,NA,NA,NA,NA,NA,NA,NA,NA,NA,1,0,NA,NA,NA,NA,0,1,NA,NA,NA,NA,NA,0,0,0,0,0,1,0,0,0,0,0,0,0,0,0,1,1,0,0,0,0,0,0,0,0,0,0,0,0,0,0,0,0,1,NA,NA,NA,NA,NA,NA,NA,NA,NA,NA,NA,NA,NA,NA,NA,NA,NA,NA,NA,NA,NA,NA,NA,2,NA,NA,NA,NA,NA,NA,NA,NA,NA,NA,NA,NA,NA,NA,NA,NA,NA,NA,NA,NA,NA,NA,NA,NA,NA,NA,NA,NA,NA,NA,NA,NA,NA,NA,NA,NA,NA,NA,NA,NA,NA,NA,NA,NA,NA,NA,NA,NA,NA,NA,NA,"low",1,0,0,"small"
"77","C19",1,1,1,NA,NA,NA,NA,3,3,2,2,3,3,2,5,3,1,NA,NA,4,3,22,4,5,7,36,8,324,1986,1,1,80,1,80,2022-03-27 11:22:00,"-99",2022-03-27 07:40:33,2022-03-27 08:15:24,16,100,2091,"",1,"
27-Mar-22",2,3,1,1,3,NA,NA,0,0,1,0,0,1,0,0,0,0,0,0,NA,2,1,5,2,1,NA,NA,NA,NA,NA,NA,NA,NA,NA,NA,NA,NA,NA,NA,NA,NA,NA,NA,NA,NA,NA,NA,NA,NA,0,0,0,0,1,1,1,0,0,0,0,1,1,0,1,1,1,0,0,0,0,0,0,1,0,0,0,0,0,0,0,0,0,2,NA,1,1,NA,3,4,4,NA,NA,NA,NA,NA,NA,1,NA,NA,NA,NA,NA,NA,NA,NA,NA,1,0,1,0,1,NA,NA,NA,NA,NA,232,222,NA,NA,NA,NA,NA,NA,1,NA,NA,NA,NA,NA,NA,NA,NA,NA,NA,NA,NA,NA,NA,NA,NA,NA,NA,NA,NA,NA,NA,NA,NA,NA,NA,NA,NA,NA,NA,NA,NA,NA,"low",3,0,0,"large"
"78","C19",1,1,1,NA,NA,NA,NA,4,4,2,2,4,4,4,4,4,4,NA,NA,4,4,20,4,5,7,134,-99,339,1888,2,4,90,1,90,2022-03-27 11:25:49,"-99",2022-03-27 08:00:45,2022-03-27 08:19:08,16,100,1103,"",1,"
27-Mar-22",2,3,1,1,3,NA,NA,0,0,0,0,1,1,1,0,0,1,0,0,NA,4,1,3,2,1,NA,NA,NA,NA,NA,NA,NA,NA,NA,NA,NA,NA,NA,NA,NA,NA,NA,NA,NA,NA,NA,NA,NA,NA,0,0,0,1,0,0,0,0,0,0,0,0,0,0,1,0,1,0,0,0,0,0,0,0,0,0,0,0,0,0,0,0,1,2,NA,NA,NA,NA,7,NA,7,NA,NA,NA,NA,NA,NA,NA,NA,NA,NA,NA,NA,NA,NA,NA,7,1,1,1,0,1,NA,NA,NA,NA,NA,363,417,NA,NA,NA,NA,NA,NA,3,0,0,0,1,0,1,0,0,0,0,NA,NA,NA,NA,NA,NA,NA,NA,NA,NA,NA,NA,NA,NA,NA,NA,NA,NA,NA,NA,NA,NA,NA,"low",1,2,0,"large"
"79","C19",1,1,1,NA,NA,NA,NA,4,4,2,2,4,4,5,5,5,2,NA,NA,5,5,25,4,4,6,30,-99,324,1992,1,4,106,1,106,2022-03-27 11:27:39,"-99",2022-03-27 07:59:36,2022-03-27 08:13:49,16,100,852,"",1,"
27-Mar-22",2,3,1,1,1,NA,NA,0,0,0,0,1,1,1,1,0,0,0,0,NA,4,1,5,2,1,NA,NA,NA,NA,NA,NA,NA,NA,NA,NA,NA,NA,NA,NA,NA,NA,NA,NA,NA,NA,NA,NA,NA,NA,0,0,0,1,1,1,0,0,0,0,0,1,1,0,1,1,0,0,0,0,0,1,0,1,0,0,0,0,0,0,0,0,0,1,NA,NA,NA,NA,NA,NA,NA,NA,NA,NA,NA,NA,NA,NA,NA,NA,NA,NA,NA,NA,NA,NA,NA,1,1,1,0,1,NA,NA,NA,NA,NA,-99,-99,NA,NA,NA,NA,NA,NA,1,0,0,0,1,0,0,0,0,0,0,NA,NA,NA,NA,NA,NA,NA,NA,NA,NA,NA,NA,NA,NA,NA,NA,NA,NA,NA,NA,NA,NA,NA,"low",3,1,0,"large"
"80","C2",1,NA,NA,NA,NA,NA,NA,3,3,2,2,3,3,4,4,4,4,3,3,4,3,19,-99,3,4,37,-99,314,1985,1,3,1,1,1,2022-03-26 12:31:31,"-99",2022-03-26 05:37:34,2022-03-26 05:44:43,16,100,429,"",1,"
26-Mar-22",1,3,1,1,1,NA,NA,0,0,0,0,1,1,1,1,0,0,0,0,NA,4,1,1,3,NA,1,NA,NA,NA,NA,NA,NA,NA,NA,NA,NA,1,1,NA,NA,NA,NA,NA,NA,NA,NA,NA,NA,NA,0,0,0,0,0,1,0,0,0,0,0,0,0,0,1,1,0,0,0,0,0,0,0,0,0,0,0,0,0,0,0,0,0,1,NA,NA,NA,NA,NA,NA,NA,NA,NA,NA,NA,NA,NA,NA,NA,NA,NA,NA,NA,NA,NA,NA,NA,2,NA,NA,NA,NA,NA,NA,NA,NA,NA,NA,NA,NA,NA,NA,NA,NA,NA,NA,NA,NA,NA,NA,NA,NA,NA,NA,NA,NA,NA,NA,NA,NA,NA,NA,NA,NA,NA,NA,NA,NA,NA,NA,NA,NA,NA,NA,NA,NA,NA,NA,NA,"high",1,0,0,"large"
"81","C2",1,NA,NA,NA,NA,NA,NA,2,3,1,2,2,3,5,5,5,5,2,2,4,5,21,5,5,7,134,1,302,1888,2,1,14,1,14,2022-03-26 12:32:38,"-99",2022-03-26 05:22:53,2022-03-26 05:32:40,16,100,587,"",1,"
26-Mar-22",1,3,1,1,1,NA,NA,0,0,0,0,1,0,0,0,0,0,0,0,NA,1,2,1,3,NA,1,NA,NA,NA,NA,NA,NA,NA,NA,NA,NA,1,1,NA,NA,NA,NA,NA,NA,NA,NA,NA,NA,NA,0,0,0,1,0,1,0,0,0,0,1,0,0,0,0,0,0,0,0,0,0,0,0,0,0,0,0,0,0,0,0,0,0,NA,NA,NA,NA,NA,NA,NA,NA,NA,NA,NA,NA,NA,NA,NA,NA,NA,NA,NA,NA,NA,NA,NA,NA,3,NA,NA,NA,NA,NA,NA,NA,NA,NA,NA,NA,NA,NA,NA,NA,NA,NA,NA,NA,NA,NA,NA,NA,NA,NA,NA,NA,NA,NA,NA,NA,NA,NA,NA,NA,NA,NA,NA,NA,NA,NA,NA,NA,NA,NA,NA,NA,NA,NA,NA,NA,"high",2,0,0,"large"
"82","C2",1,NA,NA,NA,NA,NA,NA,4,3,2,2,4,3,4,3,4,3,3,4,4,3,19,4,4,6,134,-99,314,1888,1,3,23,1,23,2022-03-26 13:30:40,"-99",2022-03-26 04:19:23,2022-03-26 05:43:25,16,100,5042,"",1,"
26-Mar-22",1,3,1,1,1,NA,NA,0,0,1,0,1,0,0,1,0,0,0,0,NA,3,1,3,3,NA,1,NA,NA,NA,NA,NA,NA,NA,NA,NA,NA,1,1,NA,NA,NA,NA,NA,NA,NA,NA,NA,NA,NA,0,0,0,0,0,1,0,0,0,0,0,0,1,0,1,1,1,0,1,1,1,0,0,0,0,0,0,0,0,0,0,0,1,1,NA,NA,NA,NA,NA,NA,NA,NA,NA,NA,NA,NA,NA,NA,NA,NA,NA,NA,NA,NA,NA,NA,NA,1,0,1,0,1,NA,NA,NA,NA,NA,NA,NA,NA,NA,475,700,NA,NA,4,NA,NA,NA,NA,NA,NA,NA,NA,NA,NA,NA,NA,NA,NA,NA,NA,NA,NA,NA,NA,NA,NA,NA,NA,NA,NA,NA,NA,NA,NA,NA,NA,NA,"high",1,0,0,"large"
"83","C21b",1,NA,NA,NA,NA,NA,NA,3,4,2,2,3,4,5,5,1,2,NA,NA,5,5,29,5,5,7,23,1,324,1999,2,4,202,1,202,2022-04-02 09:52:07,"-99",2022-04-02 06:04:55,2022-04-02 06:19:55,16,100,900,"",1,"
2-Apr-22",4,2,1,2,1,NA,NA,0,0,0,0,1,1,1,1,0,0,0,0,NA,4,1,3,3,0,1,NA,NA,NA,NA,NA,NA,NA,NA,NA,NA,1,1,NA,NA,NA,NA,NA,NA,NA,NA,NA,NA,2,0,0,0,0,1,1,1,0,0,0,0,1,1,1,0,0,0,0,0,0,0,1,0,0,0,0,0,0,0,0,0,0,0,1,NA,NA,NA,NA,NA,NA,NA,NA,NA,NA,NA,NA,NA,NA,NA,NA,NA,NA,NA,NA,NA,NA,NA,1,1,1,0,1,NA,NA,NA,NA,NA,NA,NA,NA,NA,466,476,NA,NA,4,0,0,1,0,0,0,0,0,0,0,1,0,0,NA,NA,NA,NA,NA,NA,NA,NA,NA,NA,NA,NA,NA,NA,NA,NA,NA,NA,NA,NA,"high",3,0,0,"small"
"84","C21b",1,NA,NA,NA,NA,NA,NA,3,5,2,3,3,5,5,5,1,3,NA,NA,5,5,28,5,5,7,25,4,326,1997,2,3,203,1,203,2022-04-02 09:53:29,"-99",2022-04-02 06:05:17,2022-04-02 06:16:24,16,100,667,"",1,"
2-Apr-22",4,2,1,2,1,NA,NA,0,0,0,0,0,0,0,0,0,1,0,0,NA,1,1,3,3,0,1,NA,NA,NA,NA,NA,NA,NA,NA,NA,NA,1,1,NA,NA,NA,NA,NA,NA,NA,NA,NA,NA,3,0,0,1,0,0,0,0,0,0,0,1,0,0,0,0,0,0,0,0,0,0,0,0,0,0,0,0,0,0,0,0,0,0,NA,NA,NA,NA,NA,NA,NA,NA,NA,NA,NA,NA,NA,NA,NA,NA,NA,NA,NA,NA,NA,NA,NA,NA,1,0,1,0,2,NA,NA,NA,NA,NA,NA,NA,NA,NA,NA,NA,-99,-99,4,NA,NA,NA,NA,NA,NA,NA,NA,NA,NA,NA,NA,NA,NA,NA,NA,NA,NA,NA,NA,NA,NA,NA,NA,NA,NA,NA,NA,NA,NA,NA,NA,NA,"high",1,0,0,"small"
"85","C22",1,NA,NA,NA,NA,NA,NA,3,3,2,2,3,3,5,5,1,4,NA,NA,5,5,27,5,5,7,26,2,319,1996,1,3,243,1,243,2022-04-04 12:11:58,"-99",2022-04-04 03:22:58,2022-04-04 03:40:09,16,100,1031,"",1,"
4-Apr-22",6,2,1,2,1,2,NA,0,0,1,0,0,0,1,1,0,1,0,0,NA,4,1,1,3,0,1,NA,NA,NA,NA,NA,NA,NA,NA,NA,NA,1,1,NA,NA,NA,NA,NA,NA,NA,NA,NA,NA,1,0,0,0,0,0,1,0,0,1,0,0,1,0,0,0,0,0,0,0,0,1,0,0,0,0,0,1,0,0,0,0,0,0,2,NA,2,NA,NA,NA,NA,NA,NA,NA,NA,7,NA,NA,NA,NA,NA,3,NA,NA,NA,NA,NA,NA,1,1,0,0,1,NA,NA,NA,NA,NA,NA,NA,NA,NA,449,488,NA,NA,3,0,0,0,0,1,0,0,0,0,0,1,NA,NA,NA,NA,NA,NA,NA,NA,NA,NA,NA,NA,NA,NA,NA,0,NA,NA,NA,NA,NA,NA,"high",2,1,0,"small"
"86","C22",1,NA,NA,NA,NA,NA,NA,4,4,2,2,4,4,4,5,2,4,NA,NA,4,5,24,4,4,6,32,4,364,1990,2,4,247,1,247,2022-04-04 12:12:58,"-99",2022-04-04 03:23:16,2022-04-04 03:48:32,16,100,1516,"",1,"
4-Apr-22",6,2,1,2,1,3,NA,0,0,1,0,1,1,1,1,0,0,0,0,NA,5,1,4,3,0,1,NA,NA,NA,NA,NA,NA,NA,NA,NA,NA,1,1,NA,NA,NA,NA,NA,NA,NA,NA,NA,NA,3,0,0,0,0,0,0,1,0,0,0,0,1,1,0,0,1,0,0,0,0,1,0,0,0,1,1,1,0,1,1,0,0,1,2,NA,2,1,NA,NA,1,NA,NA,NA,NA,1,NA,NA,NA,2,1,2,NA,2,2,NA,NA,2,1,1,1,0,1,NA,NA,NA,NA,NA,NA,NA,NA,NA,526,582,NA,NA,3,0,0,1,0,0,0,0,0,0,0,1,0,0,NA,NA,0,NA,NA,NA,NA,0,NA,NA,NA,0,NA,NA,NA,0,NA,NA,NA,0,"high",1,0,0,"small"
"87","C23",1,NA,NA,NA,NA,NA,NA,3,3,2,2,3,3,5,5,2,4,NA,NA,5,5,26,5,5,7,24,4,319,1998,2,3,244,1,244,2022-04-04 12:11:59,"-99",2022-04-04 03:40:26,2022-04-04 06:16:19,16,100,9352,"",1,"
4-Apr-22",6,2,1,2,1,3,NA,0,0,0,0,1,1,1,1,0,0,0,0,NA,4,1,5,3,0,1,NA,NA,NA,NA,NA,NA,NA,NA,NA,NA,1,1,NA,NA,NA,NA,NA,NA,NA,NA,NA,NA,1,0,0,0,0,0,0,1,0,0,1,0,0,1,0,0,0,0,0,0,1,0,0,0,0,0,0,0,1,1,1,0,0,0,1,NA,NA,NA,NA,NA,NA,NA,NA,NA,NA,NA,NA,NA,NA,NA,NA,NA,NA,NA,NA,NA,NA,NA,1,1,0,0,1,NA,NA,NA,NA,NA,NA,NA,NA,NA,422,477,NA,NA,3,0,0,1,0,0,0,0,0,0,0,1,NA,NA,NA,NA,NA,NA,NA,NA,0,NA,NA,NA,NA,NA,NA,NA,0,NA,NA,0,NA,NA,"high",2,0,0,"small"
"88","C23",1,NA,NA,NA,NA,NA,NA,NA,NA,NA,NA,NA,NA,5,5,1,2,NA,NA,5,5,29,5,5,7,NA,NA,NA,NA,NA,NA,248,1,248,2022-04-04 12:13:00,"-99",2022-04-04 03:48:45,2022-04-04 06:34:19,16,100,9934,"",1,"
4-Apr-22",6,2,2,2,1,3,NA,0,0,0,1,1,0,1,1,0,1,0,0,NA,5,1,4,3,0,1,NA,NA,NA,NA,NA,NA,NA,NA,NA,NA,1,1,NA,NA,NA,NA,NA,NA,NA,NA,NA,NA,4,0,0,0,0,1,1,1,0,0,1,0,1,1,1,1,1,0,0,1,1,1,1,1,1,1,1,1,1,1,1,1,1,1,2,NA,2,1,1,1,1,NA,NA,1,8,1,7,2,7,2,2,2,2,2,2,2,2,2,1,1,1,1,1,NA,NA,NA,NA,NA,NA,NA,NA,NA,458,526,NA,NA,3,0,0,0,0,1,1,1,1,1,1,0,0,0,0,0,0,0,0,0,0,1,0,0,1,1,1,1,1,1,1,1,1,1,"high",4,6,11,"small"
"89","C24",1,NA,NA,NA,NA,NA,NA,4,4,2,2,4,4,5,5,5,5,NA,NA,4,3,19,5,5,6,55,22,309,1967,1,2,245,1,245,2022-04-04 12:12:01,"-99",2022-04-04 06:50:25,2022-04-04 07:06:53,16,100,988,"",1,"
4-Apr-22",6,2,1,2,1,3,NA,0,0,0,0,0,1,1,1,0,1,0,0,NA,4,1,3,3,0,1,NA,NA,NA,NA,NA,NA,NA,NA,NA,NA,1,1,NA,NA,NA,NA,NA,NA,NA,NA,NA,NA,5,0,0,0,0,0,1,0,0,0,0,0,1,1,0,0,1,0,0,0,0,0,0,0,0,0,0,0,0,0,0,0,0,0,1,NA,NA,NA,NA,NA,NA,NA,NA,NA,NA,NA,NA,NA,NA,NA,NA,NA,NA,NA,NA,NA,NA,NA,2,NA,NA,NA,NA,NA,NA,NA,NA,NA,NA,NA,NA,NA,NA,NA,NA,NA,NA,NA,NA,NA,NA,NA,NA,NA,NA,NA,NA,NA,NA,NA,NA,NA,NA,NA,NA,NA,NA,NA,NA,NA,NA,NA,NA,NA,NA,NA,NA,NA,NA,NA,"high",1,0,0,"small"
"90","C24",1,NA,NA,NA,NA,NA,NA,4,4,2,2,4,4,5,5,5,5,NA,NA,5,5,22,5,5,7,51,35,309,1971,2,2,249,1,249,2022-04-04 12:13:01,"-99",2022-04-04 06:34:32,2022-04-04 07:06:55,16,100,1942,"",1,"
4-Apr-22",6,2,1,2,2,3,NA,0,0,0,0,0,1,1,1,0,1,0,0,NA,4,1,3,3,0,1,NA,NA,NA,NA,NA,NA,NA,NA,NA,NA,1,1,NA,NA,NA,NA,NA,NA,NA,NA,NA,NA,5,0,0,0,0,0,1,0,0,0,0,0,1,1,0,0,1,0,0,0,0,0,0,0,0,0,0,0,0,0,0,0,0,0,1,NA,NA,NA,NA,NA,NA,NA,NA,NA,NA,NA,NA,NA,NA,NA,NA,NA,NA,NA,NA,NA,NA,NA,2,NA,NA,NA,NA,NA,NA,NA,NA,NA,NA,NA,NA,NA,NA,NA,NA,NA,NA,NA,NA,NA,NA,NA,NA,NA,NA,NA,NA,NA,NA,NA,NA,NA,NA,NA,NA,NA,NA,NA,NA,NA,NA,NA,NA,NA,NA,NA,NA,NA,NA,NA,"high",1,0,0,"small"
"91","C5",1,NA,NA,NA,NA,NA,NA,4,5,2,3,4,5,4,4,1,4,NA,NA,5,5,25,4,4,6,29,-99,314,1993,2,2,4,2,4,2022-03-26 12:31:35,"-99",2022-03-26 07:23:31,2022-03-26 07:36:41,16,100,790,"",1,"
26-Mar-22",1,4,1,1,1,NA,NA,0,0,0,0,0,1,0,0,0,0,0,0,NA,1,1,4,3,NA,1,NA,NA,NA,NA,NA,NA,NA,NA,NA,NA,1,0,NA,NA,NA,NA,0,1,NA,NA,NA,NA,NA,0,0,0,0,1,1,0,0,0,1,0,1,0,0,1,1,0,0,1,0,0,1,0,0,1,0,0,0,0,0,0,0,0,1,NA,NA,NA,NA,NA,NA,NA,NA,NA,NA,NA,NA,NA,NA,NA,NA,NA,NA,NA,NA,NA,NA,NA,1,1,1,0,1,NA,NA,NA,NA,NA,NA,NA,NA,NA,428,476,NA,NA,1,0,0,0,1,0,1,0,0,0,0,NA,NA,NA,NA,NA,NA,NA,NA,NA,NA,NA,NA,NA,NA,NA,NA,NA,NA,NA,NA,NA,NA,NA,"low",3,2,0,"large"
"92","C5",1,NA,NA,NA,NA,NA,NA,3,4,2,2,3,4,5,5,2,3,NA,NA,5,5,27,5,5,7,31,19,312,1991,2,4,5,2,5,2022-03-26 12:31:36,"-99",2022-03-26 07:37:30,2022-03-26 07:51:43,16,100,852,"",1,"
26-Mar-22",1,4,1,1,1,NA,NA,0,0,1,1,0,1,0,0,0,0,0,0,NA,3,1,3,3,NA,1,NA,NA,NA,NA,NA,NA,NA,NA,NA,NA,1,1,NA,NA,NA,NA,NA,NA,NA,NA,NA,NA,NA,0,0,0,1,0,1,0,0,0,0,0,1,1,1,0,1,1,0,0,0,0,1,0,0,0,0,0,0,0,0,0,0,0,2,NA,1,1,1,NA,1,1,NA,NA,NA,NA,1,NA,NA,NA,NA,NA,NA,NA,NA,NA,NA,NA,1,1,0,0,1,NA,NA,NA,NA,NA,NA,NA,NA,NA,481,489,NA,NA,3,0,0,0,0,0,1,0,0,0,0,NA,NA,NA,NA,NA,NA,NA,NA,NA,NA,NA,NA,NA,NA,NA,NA,NA,NA,NA,NA,NA,NA,NA,"low",2,1,0,"large"
"93","C5",1,NA,NA,NA,NA,NA,NA,6,6,3,3,6,6,1,1,1,1,NA,NA,1,1,14,5,5,7,29,20,349,1993,2,4,11,2,11,2022-03-26 12:31:52,"-99",2022-03-26 07:24:47,2022-03-26 07:37:18,16,100,751,"",1,"
26-Mar-22",1,4,1,1,1,NA,NA,0,0,0,0,0,1,0,1,0,0,0,0,NA,2,1,5,3,NA,1,NA,NA,NA,NA,NA,NA,NA,NA,NA,NA,1,0,NA,NA,NA,NA,0,1,NA,NA,NA,NA,NA,0,0,0,0,0,1,0,0,0,0,0,0,0,0,0,1,0,0,0,0,0,0,0,0,0,0,0,0,0,0,0,0,0,2,NA,NA,NA,NA,NA,1,NA,NA,NA,NA,NA,NA,NA,NA,NA,NA,NA,NA,NA,NA,NA,NA,NA,1,0,1,0,1,NA,NA,NA,NA,NA,NA,NA,NA,NA,-99,-99,NA,NA,2,NA,NA,NA,NA,NA,NA,NA,NA,NA,NA,NA,NA,NA,NA,NA,NA,NA,NA,NA,NA,NA,NA,NA,NA,NA,NA,NA,NA,NA,NA,NA,NA,NA,"low",1,0,0,"large"
"94","C5",1,NA,NA,NA,NA,NA,NA,5,5,3,3,5,5,4,4,2,4,NA,NA,2,5,21,5,4,6,31,12,369,1991,2,2,12,2,12,2022-03-26 12:31:53,"-99",2022-03-26 07:37:26,2022-03-26 07:52:26,16,100,899,"",1,"
26-Mar-22",1,5,1,1,1,NA,NA,0,0,0,0,1,0,0,0,0,0,0,0,NA,1,1,5,3,NA,1,NA,NA,NA,NA,NA,NA,NA,NA,NA,NA,1,0,NA,NA,NA,NA,0,1,NA,NA,NA,NA,NA,0,0,0,1,1,1,0,0,0,1,0,1,1,0,1,1,1,0,0,0,1,0,1,0,0,1,0,0,0,0,0,1,1,2,NA,5,5,NA,5,1,1,NA,NA,NA,5,NA,5,NA,NA,5,NA,NA,NA,NA,NA,7,7,1,1,1,1,1,NA,NA,NA,NA,NA,NA,NA,NA,NA,322,349,NA,NA,1,0,0,0,1,1,1,0,0,0,1,NA,NA,NA,NA,NA,NA,NA,NA,NA,NA,NA,NA,NA,NA,NA,NA,NA,NA,NA,NA,NA,NA,NA,"low",4,4,0,"large"
"95","C5",1,NA,NA,NA,NA,NA,NA,2,2,1,1,2,2,5,5,1,4,NA,NA,5,5,27,5,5,7,31,-99,304,1991,2,1,18,2,18,2022-03-26 12:32:43,"-99",2022-03-26 07:36:24,2022-03-26 07:53:04,16,100,1000,"",1,"
26-Mar-22",1,4,1,1,1,NA,NA,0,0,0,0,1,1,1,1,0,0,0,0,NA,4,1,3,3,NA,1,NA,NA,NA,NA,NA,NA,NA,NA,NA,NA,1,1,NA,NA,NA,NA,NA,NA,NA,NA,NA,NA,NA,0,0,0,1,1,1,0,0,0,1,0,0,1,0,0,0,1,0,1,0,0,1,0,0,1,0,0,0,0,0,0,0,1,1,NA,NA,NA,NA,NA,NA,NA,NA,NA,NA,NA,NA,NA,NA,NA,NA,NA,NA,NA,NA,NA,NA,NA,1,1,1,1,1,NA,NA,NA,NA,NA,NA,NA,NA,NA,509,477,NA,NA,1,0,0,0,0,0,1,0,0,0,0,NA,NA,NA,NA,NA,NA,NA,NA,NA,NA,NA,NA,NA,NA,NA,NA,NA,NA,NA,NA,NA,NA,NA,"low",4,1,0,"large"
"96","C6",1,NA,NA,NA,NA,NA,NA,3,4,2,2,3,4,5,5,5,1,NA,NA,5,5,26,5,5,5,26,10,309,1996,2,3,74,1,74,2022-03-27 11:21:53,"-99",2022-03-27 05:15:22,2022-03-27 05:25:40,16,100,618,"",1,"
27-Mar-22",2,2,1,1,1,NA,NA,0,0,0,0,1,1,1,1,0,0,0,0,NA,4,1,4,3,NA,1,NA,NA,NA,NA,NA,NA,NA,NA,NA,NA,1,1,NA,NA,NA,NA,NA,NA,NA,NA,NA,NA,NA,0,0,0,0,1,1,0,0,0,0,0,0,0,0,1,1,1,0,0,0,0,0,0,0,0,0,0,0,1,0,0,0,0,1,NA,NA,NA,NA,NA,NA,NA,NA,NA,NA,NA,NA,NA,NA,NA,NA,NA,NA,NA,NA,NA,NA,NA,3,NA,NA,NA,NA,NA,NA,NA,NA,NA,NA,NA,NA,NA,NA,NA,NA,NA,NA,NA,NA,NA,NA,NA,NA,NA,NA,NA,NA,NA,NA,NA,NA,NA,NA,NA,NA,NA,NA,NA,NA,NA,NA,NA,NA,NA,NA,NA,NA,NA,NA,NA,"high",2,0,0,"small"
"97","C6",1,NA,NA,NA,NA,NA,NA,4,4,2,2,4,4,5,4,3,2,NA,NA,2,5,23,4,3,4,26,-99,329,1996,1,3,91,1,91,2022-03-27 11:27:00,"-99",2022-03-27 05:15:55,2022-03-27 05:30:14,16,100,859,"",1,"
27-Mar-22",2,2,1,1,1,NA,NA,0,0,1,0,0,1,0,0,0,0,0,0,NA,2,1,1,3,NA,1,NA,NA,NA,NA,NA,NA,NA,NA,NA,NA,1,1,NA,NA,NA,NA,NA,NA,NA,NA,NA,NA,NA,0,0,0,0,1,1,0,0,0,0,0,1,1,0,0,1,0,0,1,0,0,0,0,0,0,1,0,0,0,1,0,0,1,1,NA,NA,NA,NA,NA,NA,NA,NA,NA,NA,NA,NA,NA,NA,NA,NA,NA,NA,NA,NA,NA,NA,NA,1,0,1,0,2,NA,NA,NA,NA,NA,NA,NA,NA,NA,NA,NA,615,411,1,NA,NA,NA,NA,NA,NA,NA,NA,NA,NA,NA,NA,NA,NA,NA,NA,NA,NA,NA,NA,NA,NA,NA,NA,NA,NA,NA,NA,NA,NA,NA,NA,NA,"high",2,0,0,"small"
"98","C9",1,1,1,NA,NA,NA,NA,3,4,2,2,3,4,4,5,1,3,NA,NA,3,5,25,5,5,7,31,2,309,1991,2,4,67,1,67,2022-03-27 11:20:43,"-99",2022-03-27 05:48:56,2022-03-27 06:04:45,16,100,949,"",1,"
27-Mar-22",2,3,1,1,2,NA,NA,0,0,1,0,1,1,1,1,0,0,0,0,NA,5,1,4,2,1,NA,NA,NA,NA,NA,NA,NA,NA,NA,NA,NA,NA,NA,NA,NA,NA,NA,NA,NA,NA,NA,NA,NA,NA,0,0,0,1,0,0,0,0,0,0,-99,-99,-99,-99,-99,-99,-99,-99,-99,-99,-99,-99,-99,-99,-99,-99,-99,-99,-99,-99,-99,-99,-99,NA,NA,NA,NA,NA,NA,NA,NA,NA,NA,NA,NA,NA,NA,NA,NA,NA,NA,NA,NA,NA,NA,NA,NA,1,1,1,1,-99,NA,NA,NA,NA,NA,NA,NA,NA,NA,NA,NA,NA,NA,1,0,0,1,0,0,0,0,0,0,0,NA,NA,NA,NA,NA,NA,NA,NA,NA,NA,NA,NA,NA,NA,NA,NA,NA,NA,NA,NA,NA,NA,NA,"low",1,0,0,"large"
"99","C9",1,1,1,NA,NA,NA,NA,3,5,2,3,3,5,5,5,1,3,NA,NA,5,5,28,5,5,7,134,2,314,1888,2,4,82,1,82,2022-03-27 11:22:35,"-99",2022-03-27 05:41:00,2022-03-27 06:01:30,16,100,1229,"",1,"
27-Mar-22",2,3,1,1,2,NA,NA,0,0,1,0,1,1,1,1,0,1,0,0,NA,6,1,4,2,1,NA,NA,NA,NA,NA,NA,NA,NA,NA,NA,NA,NA,NA,NA,NA,NA,NA,NA,NA,NA,NA,NA,NA,NA,0,0,0,1,1,1,0,0,0,0,0,1,1,1,1,1,1,0,0,0,0,1,0,0,0,0,0,0,0,0,0,0,0,1,NA,NA,NA,NA,NA,NA,NA,NA,NA,NA,NA,NA,NA,NA,NA,NA,NA,NA,NA,NA,NA,NA,NA,1,1,1,1,1,NA,NA,NA,NA,NA,516,330,NA,NA,NA,NA,NA,NA,3,0,0,0,1,1,1,0,0,0,0,NA,NA,NA,NA,NA,NA,NA,NA,NA,NA,NA,NA,NA,NA,NA,NA,NA,NA,NA,NA,NA,NA,NA,"low",3,3,0,"large"
"100","C9",1,1,1,NA,NA,NA,NA,4,3,2,2,4,3,4,4,3,2,NA,NA,3,4,22,5,4,5,33,5,319,1989,2,4,93,1,93,2022-03-27 11:27:02,"-99",2022-03-27 05:48:09,2022-03-27 06:07:57,16,100,1188,"",1,"
27-Mar-22",2,3,1,1,2,NA,NA,0,0,1,0,0,1,1,0,0,0,0,0,NA,3,1,4,2,1,NA,NA,NA,NA,NA,NA,NA,NA,NA,NA,NA,NA,NA,NA,NA,NA,NA,NA,NA,NA,NA,NA,NA,NA,0,0,0,1,0,1,1,0,0,0,0,1,1,0,0,1,0,0,0,0,0,0,0,0,0,0,0,1,0,1,0,0,0,1,NA,NA,NA,NA,NA,NA,NA,NA,NA,NA,NA,NA,NA,NA,NA,NA,NA,NA,NA,NA,NA,NA,NA,1,1,1,0,1,NA,NA,NA,NA,NA,254,181,NA,NA,NA,NA,NA,NA,1,0,0,0,0,0,1,0,0,0,0,NA,NA,NA,NA,NA,NA,NA,NA,NA,NA,NA,NA,NA,NA,NA,NA,NA,NA,NA,NA,NA,NA,NA,"low",3,1,0,"large"
"101","D13",1,NA,NA,NA,NA,NA,NA,6,6,3,3,6,6,1,1,1,1,NA,NA,1,1,14,5,5,7,29,20,50,1993,2,4,135,1,135,2022-03-28 11:33:36,"-99",2022-03-28 04:02:17,2022-03-28 04:08:16,16,100,359,"",1,"
28-Mar-22",3,2,2,1,1,NA,NA,0,0,0,0,0,1,0,0,0,0,0,0,NA,1,1,5,3,NA,1,NA,NA,NA,NA,NA,NA,NA,NA,NA,NA,-99,NA,NA,NA,NA,NA,NA,NA,NA,NA,1,1,NA,0,0,0,0,1,1,0,0,0,0,0,0,0,0,0,1,0,0,0,0,0,0,0,0,0,0,0,0,0,0,0,0,0,2,NA,NA,NA,NA,NA,1,NA,NA,NA,NA,NA,NA,NA,NA,NA,NA,NA,NA,NA,NA,NA,NA,NA,1,0,1,0,1,NA,NA,NA,NA,NA,NA,NA,NA,NA,-99,-99,NA,NA,3,NA,NA,NA,NA,NA,NA,NA,NA,NA,NA,NA,NA,NA,NA,NA,NA,NA,NA,NA,NA,NA,NA,NA,NA,NA,NA,NA,NA,NA,NA,NA,NA,NA,"low",2,0,0,"small"
"102","D13",1,NA,NA,NA,NA,NA,NA,4,5,2,3,4,5,5,5,4,1,NA,NA,4,4,25,5,5,6,28,5,30,1994,1,NA,138,1,138,2022-03-28 11:34:31,"-99",2022-03-28 04:01:54,2022-03-28 04:13:34,16,100,699,"",1,"
28-Mar-22",3,2,2,1,1,NA,NA,0,0,0,1,1,0,0,1,0,1,0,0,NA,4,1,5,3,NA,1,NA,NA,NA,NA,NA,NA,NA,NA,NA,NA,1,0,NA,NA,NA,NA,NA,NA,NA,NA,0,1,NA,0,0,0,0,0,1,1,0,0,0,0,0,1,0,0,1,0,0,0,0,0,1,0,0,0,1,0,0,0,0,0,0,0,1,NA,NA,NA,NA,NA,NA,NA,NA,NA,NA,NA,NA,NA,NA,NA,NA,NA,NA,NA,NA,NA,NA,NA,1,1,1,0,1,NA,NA,NA,NA,NA,NA,NA,NA,NA,398,449,NA,NA,2,0,0,0,0,1,1,1,0,0,0,NA,NA,NA,NA,NA,NA,NA,NA,NA,NA,NA,NA,NA,NA,NA,NA,NA,NA,NA,NA,NA,NA,NA,"low",2,3,0,"small"
"103","D15",1,NA,NA,NA,NA,NA,NA,5,5,3,3,5,5,5,5,1,1,NA,NA,5,5,30,5,5,7,28,10,399,1994,2,4,132,1,132,2022-03-28 11:32:43,"-99",2022-03-28 04:37:17,2022-03-28 04:57:15,16,100,1197,"",1,"
28-Mar-22",3,2,1,1,1,NA,NA,0,0,1,1,1,1,1,1,0,1,0,0,NA,7,1,4,3,NA,1,NA,NA,NA,NA,NA,NA,NA,NA,NA,NA,1,0,NA,NA,NA,NA,0,1,NA,NA,NA,NA,NA,0,0,0,0,1,1,1,0,0,0,0,1,1,0,1,1,1,0,0,0,1,1,0,0,1,1,1,0,1,0,0,0,1,1,NA,NA,NA,NA,NA,NA,NA,NA,NA,NA,NA,NA,NA,NA,NA,NA,NA,NA,NA,NA,NA,NA,NA,1,1,1,0,1,NA,NA,NA,NA,NA,NA,NA,NA,NA,325,340,NA,NA,2,0,0,0,0,0,1,0,0,0,0,NA,NA,NA,NA,NA,NA,NA,NA,NA,NA,NA,NA,NA,NA,NA,NA,NA,NA,NA,NA,NA,NA,NA,"high",3,1,0,"small"
"104","D15",1,NA,NA,NA,NA,NA,NA,3,5,2,3,3,5,5,5,5,3,NA,NA,5,5,24,5,5,6,28,15,309,1994,2,3,141,1,141,2022-03-28 11:35:39,"-99",2022-03-28 04:38:34,2022-03-28 05:00:38,16,100,1324,"",1,"
28-Mar-22",3,2,1,1,1,NA,NA,0,0,0,0,0,1,1,1,0,0,0,0,NA,3,1,4,3,NA,1,NA,NA,NA,NA,NA,NA,NA,NA,NA,NA,1,0,NA,NA,NA,NA,0,1,NA,NA,NA,NA,NA,0,0,0,0,0,1,1,0,0,0,0,1,0,0,1,1,0,0,0,0,0,1,0,1,0,1,0,1,1,1,0,1,0,1,NA,NA,NA,NA,NA,NA,NA,NA,NA,NA,NA,NA,NA,NA,NA,NA,NA,NA,NA,NA,NA,NA,NA,1,1,1,0,2,NA,NA,NA,NA,NA,NA,NA,NA,NA,NA,NA,329,145,2,0,1,1,0,0,0,0,0,0,0,NA,NA,NA,NA,NA,NA,NA,NA,NA,NA,NA,NA,NA,NA,NA,NA,NA,NA,NA,NA,NA,NA,NA,"high",2,0,0,"small"
"105","D16",1,NA,NA,NA,NA,NA,NA,4,4,2,2,4,4,5,5,6,6,1,1,5,5,20,5,5,7,28,9,304,1994,2,2,137,1,137,2022-03-28 11:33:40,"-99",2022-03-28 04:49:37,2022-03-28 06:30:07,16,100,6030,"",1,"
28-Mar-22",3,3,1,1,1,NA,NA,0,0,1,0,1,0,1,1,0,0,0,0,NA,4,7,1,3,NA,1,NA,NA,NA,NA,NA,NA,NA,NA,NA,NA,1,1,NA,NA,NA,NA,NA,NA,NA,NA,NA,NA,NA,0,0,0,0,0,1,0,0,0,0,0,1,1,0,0,0,0,0,0,0,0,0,0,0,0,0,0,0,0,1,0,0,0,1,NA,NA,NA,NA,NA,NA,NA,NA,NA,NA,NA,NA,NA,NA,NA,NA,NA,NA,NA,NA,NA,NA,NA,1,0,1,0,1,NA,NA,NA,NA,NA,NA,NA,NA,NA,504,542,NA,NA,3,NA,NA,NA,NA,NA,NA,NA,NA,NA,NA,NA,NA,NA,NA,NA,NA,NA,NA,NA,NA,NA,NA,NA,NA,NA,NA,NA,NA,NA,NA,NA,NA,NA,"low",1,0,0,"large"
"106","D16",1,NA,NA,NA,NA,NA,NA,4,4,2,2,4,4,5,5,5,1,2,6,5,5,26,5,5,7,29,5,314,1993,2,2,140,1,140,2022-03-28 11:34:33,"Sol",2022-03-28 04:42:45,2022-03-28 06:28:06,16,100,6321,"",1,"
28-Mar-22",3,3,1,1,1,NA,NA,0,0,0,0,1,1,1,1,0,0,0,1,1,5,7,3,3,NA,1,NA,NA,NA,NA,NA,NA,NA,NA,NA,NA,1,1,NA,NA,NA,NA,NA,NA,NA,NA,NA,NA,NA,0,0,0,0,0,1,0,0,0,0,0,0,1,0,0,1,1,0,0,0,0,1,0,0,0,1,1,0,0,0,0,0,0,1,NA,NA,NA,NA,NA,NA,NA,NA,NA,NA,NA,NA,NA,NA,NA,NA,NA,NA,NA,NA,NA,NA,NA,1,0,1,0,1,NA,NA,NA,NA,NA,NA,NA,NA,NA,411,531,NA,NA,1,NA,NA,NA,NA,NA,NA,NA,NA,NA,NA,NA,NA,NA,NA,NA,NA,NA,NA,NA,NA,NA,NA,NA,NA,NA,NA,NA,NA,NA,NA,NA,NA,NA,"low",1,0,0,"large"
"107","D16",1,NA,NA,NA,NA,NA,NA,4,4,2,2,4,4,5,5,3,2,4,5,5,5,27,5,5,6,29,-99,307,1993,2,4,142,1,142,2022-03-28 11:35:40,"Sol",2022-03-28 06:13:08,2022-03-28 06:35:25,16,100,1336,"",1,"
28-Mar-22",3,3,1,1,1,NA,NA,0,0,1,0,1,0,1,1,0,1,0,1,1,6,1,4,3,NA,1,NA,NA,NA,NA,NA,NA,NA,NA,NA,NA,1,1,NA,NA,NA,NA,NA,NA,NA,NA,NA,NA,NA,0,0,0,0,0,1,0,0,0,0,0,1,1,0,0,1,1,0,1,1,1,1,1,1,1,0,1,1,0,1,0,0,0,1,NA,NA,NA,NA,NA,NA,NA,NA,NA,NA,NA,NA,NA,NA,NA,NA,NA,NA,NA,NA,NA,NA,NA,1,1,1,0,1,NA,NA,NA,NA,NA,NA,NA,NA,NA,420,468,NA,NA,3,0,0,0,0,0,1,0,0,0,0,NA,NA,NA,NA,NA,NA,NA,NA,NA,NA,NA,NA,NA,NA,NA,NA,NA,NA,NA,NA,NA,NA,NA,"low",1,1,0,"large"
"108","D17",1,NA,NA,NA,NA,NA,NA,4,5,2,3,4,5,5,5,3,2,4,5,5,5,27,5,5,5,21,-99,344,2001,2,4,128,1,128,2022-03-28 11:30:44,"-99",2022-03-28 04:39:32,2022-03-28 06:31:20,16,100,6708,"",1,"
28-Mar-22",3,2,1,1,3,NA,NA,0,0,0,0,0,1,0,0,0,0,0,0,NA,1,7,5,3,NA,1,NA,NA,NA,NA,NA,NA,NA,NA,NA,NA,-99,NA,NA,NA,NA,NA,NA,NA,NA,NA,1,1,NA,0,0,0,0,0,1,0,0,1,0,0,1,0,0,0,1,0,0,0,0,1,0,0,0,1,1,0,0,0,0,0,1,1,1,NA,NA,NA,NA,NA,NA,NA,NA,NA,NA,NA,NA,NA,NA,NA,NA,NA,NA,NA,NA,NA,NA,NA,1,0,1,0,1,NA,NA,NA,NA,NA,NA,NA,NA,NA,69,359,NA,NA,1,NA,NA,NA,NA,NA,NA,NA,NA,NA,NA,NA,NA,NA,NA,NA,NA,NA,NA,NA,NA,NA,NA,NA,NA,NA,NA,NA,NA,NA,NA,NA,NA,NA,"low",2,0,0,"small"
"109","D17",1,NA,NA,NA,NA,NA,NA,4,5,2,3,4,5,1,1,4,2,3,5,4,5,17,5,5,6,21,3,329,2001,2,4,133,1,133,2022-03-28 11:32:44,"-99",2022-03-28 04:57:27,2022-03-28 06:34:31,16,100,5824,"",1,"
28-Mar-22",3,2,1,1,3,NA,NA,0,0,0,1,0,1,0,1,0,1,0,0,NA,4,1,5,3,NA,1,NA,NA,NA,NA,NA,NA,NA,NA,NA,NA,-99,NA,NA,NA,NA,NA,NA,NA,NA,NA,1,1,NA,0,0,0,0,0,1,0,0,1,0,0,1,1,0,0,0,0,0,0,0,1,1,0,0,0,0,0,0,0,0,0,0,0,1,NA,NA,NA,NA,NA,NA,NA,NA,NA,NA,NA,NA,NA,NA,NA,NA,NA,NA,NA,NA,NA,NA,NA,2,NA,NA,NA,NA,NA,NA,NA,NA,NA,NA,NA,NA,NA,NA,NA,NA,NA,NA,NA,NA,NA,NA,NA,NA,NA,NA,NA,NA,NA,NA,NA,NA,NA,NA,NA,NA,NA,NA,NA,NA,NA,NA,NA,NA,NA,NA,NA,NA,NA,NA,NA,"low",2,0,0,"small"
"110","D2",1,NA,NA,NA,NA,NA,NA,4,6,2,3,4,6,1,5,5,1,NA,NA,5,5,22,5,5,5,31,-99,365,1991,2,3,2,2,2,2022-03-26 12:31:33,"Instagram",2022-03-26 05:49:13,2022-03-26 06:05:23,16,100,969,"",1,"
26-Mar-22",1,3,1,1,1,NA,NA,0,0,0,1,0,0,0,0,0,0,0,1,1,2,1,5,3,NA,1,NA,NA,NA,NA,NA,NA,NA,NA,NA,NA,-99,NA,NA,NA,NA,NA,NA,NA,NA,NA,1,1,NA,0,0,0,1,1,1,0,0,0,0,0,1,0,0,1,1,1,0,1,1,1,1,1,1,1,1,1,1,0,0,0,0,0,1,NA,NA,NA,NA,NA,NA,NA,NA,NA,NA,NA,NA,NA,NA,NA,NA,NA,NA,NA,NA,NA,NA,NA,1,1,0,0,1,NA,NA,NA,NA,NA,NA,NA,NA,NA,130,411,NA,NA,3,0,0,0,1,1,1,0,0,0,0,NA,NA,NA,NA,NA,NA,NA,NA,NA,NA,NA,NA,NA,NA,NA,NA,NA,NA,NA,NA,NA,NA,NA,"high",3,3,0,"large"
"111","D2",1,NA,NA,NA,NA,NA,NA,4,4,2,2,4,4,5,5,5,4,NA,NA,5,5,23,5,5,7,31,-99,368,1991,2,3,15,2,15,2022-03-26 12:32:39,"Tested my GoPro max",2022-03-26 05:32:44,2022-03-26 06:05:37,16,100,1972,"",1,"
26-Mar-22",1,3,1,1,1,NA,NA,0,0,0,0,0,0,0,0,0,1,0,1,1,2,2,5,3,NA,1,NA,NA,NA,NA,NA,NA,NA,NA,NA,NA,-99,NA,NA,NA,NA,NA,NA,NA,NA,NA,1,1,NA,0,0,0,0,1,1,0,0,0,0,0,0,0,0,1,1,0,0,0,0,0,1,0,0,0,1,1,0,1,1,0,0,1,2,NA,NA,NA,NA,5,7,NA,NA,NA,NA,NA,7,NA,NA,NA,1,2,NA,1,1,NA,NA,5,1,1,0,0,1,NA,NA,NA,NA,NA,NA,NA,NA,NA,153,312,NA,NA,1,0,0,0,0,1,0,0,0,0,0,NA,NA,NA,NA,NA,NA,NA,NA,NA,NA,NA,NA,NA,NA,NA,NA,NA,NA,NA,NA,NA,NA,NA,"high",2,1,0,"large"
"112","D2",1,NA,NA,NA,NA,NA,NA,4,6,2,3,4,6,5,5,3,5,NA,NA,5,5,24,5,5,7,28,17,361,1994,1,4,24,2,24,2022-03-26 13:30:41,"-99",2022-03-26 05:49:22,2022-03-26 06:04:49,16,100,927,"",1,"
26-Mar-22",1,2,1,1,1,NA,NA,0,0,0,1,0,0,0,0,0,0,0,0,NA,1,1,5,3,NA,1,NA,NA,NA,NA,NA,NA,NA,NA,NA,NA,-99,NA,NA,NA,NA,NA,NA,NA,NA,NA,1,1,NA,0,0,0,0,0,1,0,0,0,0,0,1,1,0,1,1,1,0,0,1,1,1,0,1,1,1,0,0,0,0,0,0,0,1,NA,NA,NA,NA,NA,NA,NA,NA,NA,NA,NA,NA,NA,NA,NA,NA,NA,NA,NA,NA,NA,NA,NA,1,1,0,0,1,NA,NA,NA,NA,NA,NA,NA,NA,NA,165,370,NA,NA,3,0,0,0,1,0,1,0,0,0,0,NA,NA,NA,NA,NA,NA,NA,NA,NA,NA,NA,NA,NA,NA,NA,NA,NA,NA,NA,NA,NA,NA,NA,"high",1,2,0,"large"
"113","D21",1,NA,NA,NA,NA,NA,NA,2,2,1,1,2,2,1,1,1,3,NA,NA,4,4,18,4,5,7,28,4,314,1994,1,2,134,1,134,2022-03-28 11:32:46,"-99",2022-03-28 08:56:07,2022-03-28 09:11:33,16,100,925,"",1,"
28-Mar-22",3,2,1,1,1,NA,NA,0,0,0,0,0,1,1,0,0,0,0,0,NA,2,1,4,1,NA,NA,1,1,NA,NA,NA,NA,NA,NA,NA,NA,NA,NA,NA,NA,NA,NA,NA,NA,NA,NA,NA,NA,NA,0,0,0,0,0,0,1,0,0,0,0,0,1,1,0,0,1,0,0,0,0,0,0,0,0,0,1,1,1,0,1,0,0,1,NA,NA,NA,NA,NA,NA,NA,NA,NA,NA,NA,NA,NA,NA,NA,NA,NA,NA,NA,NA,NA,NA,NA,1,1,1,0,1,NA,269,42,NA,NA,NA,NA,NA,NA,NA,NA,NA,NA,5,0,0,0,0,0,0,1,0,0,0,NA,NA,NA,NA,NA,NA,NA,NA,NA,NA,NA,NA,NA,NA,NA,NA,NA,NA,NA,NA,NA,NA,NA,"low",1,1,0,"small"
"114","D21",1,NA,NA,NA,NA,NA,NA,3,3,2,2,3,3,4,4,4,3,NA,NA,4,4,21,5,5,7,32,-99,314,1990,2,1,143,1,143,2022-03-28 11:35:42,"-99",2022-03-28 07:18:10,2022-03-28 09:10:29,16,100,6738,"",1,"
28-Mar-22",3,2,1,1,1,NA,NA,0,0,0,0,0,1,1,0,0,0,0,0,NA,2,1,4,1,NA,NA,1,1,NA,NA,NA,NA,NA,NA,NA,NA,NA,NA,NA,NA,NA,NA,NA,NA,NA,NA,NA,NA,NA,0,0,0,0,1,0,0,0,0,0,0,1,0,0,0,0,0,0,0,0,0,0,0,0,0,0,0,0,0,0,0,0,0,1,NA,NA,NA,NA,NA,NA,NA,NA,NA,NA,NA,NA,NA,NA,NA,NA,NA,NA,NA,NA,NA,NA,NA,3,NA,NA,NA,NA,NA,NA,NA,NA,NA,NA,NA,NA,NA,NA,NA,NA,NA,NA,NA,NA,NA,NA,NA,NA,NA,NA,NA,NA,NA,NA,NA,NA,NA,NA,NA,NA,NA,NA,NA,NA,NA,NA,NA,NA,NA,NA,NA,NA,NA,NA,NA,"low",1,0,0,"small"
"115","D22",1,NA,NA,NA,NA,NA,NA,5,5,3,3,5,5,5,5,1,3,NA,NA,4,5,27,5,5,7,29,7,389,1993,2,4,173,1,173,2022-04-02 09:36:20,"-99",2022-04-02 05:31:45,2022-04-02 05:47:50,16,100,964,"",1,"
2-Apr-22",4,3,1,2,1,NA,NA,0,0,1,0,1,1,0,0,0,1,0,0,NA,4,1,4,1,0,0,1,1,NA,NA,NA,NA,NA,NA,5,NA,NA,NA,NA,NA,NA,NA,NA,NA,NA,NA,NA,NA,NA,0,0,0,0,0,1,1,0,0,0,0,1,1,0,0,1,0,0,0,0,0,0,0,0,0,0,0,0,1,0,0,0,0,2,NA,1,1,NA,NA,1,NA,NA,NA,NA,NA,NA,NA,NA,NA,NA,NA,NA,1,NA,NA,NA,NA,1,1,1,0,1,NA,247,109,NA,NA,NA,NA,NA,NA,NA,NA,NA,NA,3,0,0,0,0,1,1,1,0,0,0,0,1,1,NA,0,1,0,NA,NA,NA,NA,NA,NA,NA,0,NA,NA,NA,NA,NA,NA,NA,NA,"low",2,3,3,"large"
"116","D22",1,NA,NA,NA,NA,NA,NA,4,3,2,2,4,3,NA,NA,NA,NA,NA,NA,NA,NA,NA,NA,NA,NA,55,20,1,1967,1,2,177,1,177,2022-04-02 09:37:48,"Tilvenning Etter sykdom",2022-04-02 03:46:22,2022-04-02 04:03:46,16,100,1043,"",1,"
2-Apr-22",4,1,1,2,2,NA,NA,0,0,0,0,0,0,0,1,0,0,0,1,1,2,2,3,1,0,0,NA,NA,NA,NA,NA,NA,1,1,1,NA,NA,NA,NA,NA,NA,NA,NA,NA,NA,NA,NA,NA,NA,0,0,0,0,1,1,1,0,0,0,0,0,0,0,0,1,0,0,0,0,1,1,0,0,0,0,0,0,0,0,0,0,0,2,NA,NA,NA,NA,NA,1,NA,NA,NA,NA,1,1,NA,NA,NA,NA,NA,NA,NA,NA,NA,NA,NA,1,0,1,NA,2,NA,NA,NA,697,514,NA,NA,NA,NA,NA,NA,NA,NA,4,NA,NA,NA,NA,NA,NA,NA,NA,NA,NA,NA,NA,NA,NA,NA,NA,NA,NA,NA,NA,NA,NA,NA,NA,NA,NA,NA,NA,NA,NA,NA,NA,NA,"low",3,0,0,"large"
"117","D22",1,NA,NA,NA,NA,NA,NA,4,5,2,3,4,5,5,5,1,2,NA,NA,5,5,29,5,5,7,28,3,319,1994,2,3,178,1,178,2022-04-02 09:37:49,"-99",2022-04-02 05:31:28,2022-04-02 05:46:14,16,100,885,"",1,"
2-Apr-22",4,3,1,2,1,NA,NA,0,0,1,0,0,0,0,0,0,1,0,0,NA,2,1,4,1,0,0,1,1,NA,NA,NA,NA,NA,NA,4,NA,NA,NA,NA,NA,NA,NA,NA,NA,NA,NA,NA,NA,NA,0,0,0,0,1,1,1,0,0,0,0,1,0,0,1,1,0,0,0,0,1,0,0,0,0,0,0,0,0,0,0,0,0,2,NA,1,NA,NA,1,1,NA,NA,NA,NA,1,NA,NA,NA,NA,NA,NA,NA,NA,NA,NA,NA,NA,1,1,1,0,2,NA,NA,NA,370,125,NA,NA,NA,NA,NA,NA,NA,NA,1,0,0,0,0,1,1,0,0,0,0,1,NA,NA,NA,0,0,0,NA,NA,NA,NA,0,NA,NA,NA,NA,NA,NA,NA,NA,NA,NA,NA,"low",3,2,0,"large"
"118","D22",1,NA,NA,NA,NA,NA,NA,4,4,2,2,4,4,4,4,4,3,NA,NA,4,4,21,4,4,6,23,5,314,1999,2,2,185,1,185,2022-04-02 09:41:18,"-99",2022-04-02 05:34:07,2022-04-02 05:42:17,16,100,489,"",1,"
2-Apr-22",4,3,1,2,1,NA,NA,0,0,1,0,0,1,0,0,0,1,0,0,NA,3,1,4,1,0,0,1,1,NA,NA,NA,NA,NA,NA,3,NA,NA,NA,NA,NA,NA,NA,NA,NA,NA,NA,NA,NA,NA,0,0,0,0,0,1,0,0,0,0,0,0,1,1,1,1,0,0,0,0,0,0,0,0,0,0,0,0,0,0,0,0,1,1,NA,NA,NA,NA,NA,NA,NA,NA,NA,NA,NA,NA,NA,NA,NA,NA,NA,NA,NA,NA,NA,NA,NA,3,NA,NA,NA,NA,NA,NA,NA,NA,NA,NA,NA,NA,NA,NA,NA,NA,NA,NA,NA,NA,NA,NA,NA,NA,NA,NA,NA,NA,NA,NA,NA,NA,NA,NA,NA,NA,NA,NA,NA,NA,NA,NA,NA,NA,NA,NA,NA,NA,NA,NA,NA,"low",1,0,0,"large"
"119","D22",1,NA,NA,NA,NA,NA,NA,5,6,3,3,5,6,1,5,5,5,NA,NA,2,4,14,5,4,6,33,20,399,1989,2,1,190,1,190,2022-04-02 09:42:40,"-99",2022-04-02 05:31:53,2022-04-02 05:44:22,16,100,748,"",1,"
2-Apr-22",4,3,1,2,1,NA,NA,0,0,0,0,0,1,1,0,0,0,0,0,NA,2,7,3,1,0,0,1,1,NA,NA,NA,NA,NA,NA,5,NA,NA,NA,NA,NA,NA,NA,NA,NA,NA,NA,NA,NA,NA,0,0,0,0,1,1,1,1,1,0,0,0,0,0,0,1,0,0,0,0,0,0,0,0,0,0,0,0,0,0,0,0,0,2,NA,NA,NA,NA,NA,1,NA,NA,NA,NA,NA,NA,NA,NA,NA,NA,NA,NA,NA,NA,NA,NA,NA,1,1,0,0,1,NA,225,137,NA,NA,NA,NA,NA,NA,NA,NA,NA,NA,1,0,0,0,0,0,1,0,0,0,0,1,NA,NA,NA,NA,0,NA,NA,NA,NA,NA,NA,NA,NA,NA,NA,NA,NA,NA,NA,NA,NA,NA,"low",5,1,0,"large"
"120","D22",1,NA,NA,NA,NA,NA,NA,NA,NA,NA,NA,NA,NA,4,5,2,4,NA,NA,5,5,25,5,5,7,NA,NA,NA,NA,NA,NA,195,1,195,2022-04-02 09:43:56,"-99",2022-04-02 05:31:42,2022-04-02 05:42:09,16,100,627,"",1,"
2-Apr-22",4,3,2,2,1,NA,NA,0,1,0,0,0,0,0,0,0,0,0,0,NA,1,1,-99,1,0,0,1,1,NA,NA,NA,NA,NA,NA,5,NA,NA,NA,NA,NA,NA,NA,NA,NA,NA,NA,NA,NA,NA,0,0,0,0,1,1,0,0,0,0,0,0,0,0,1,1,0,0,0,0,0,0,0,0,0,0,0,0,0,0,0,0,0,2,NA,NA,NA,NA,4,4,NA,NA,NA,NA,NA,NA,NA,NA,NA,NA,NA,NA,NA,NA,NA,NA,NA,1,1,1,0,1,NA,182,82,NA,NA,NA,NA,NA,NA,NA,NA,NA,NA,4,0,0,0,0,1,1,0,0,0,0,0,NA,NA,NA,0,1,NA,NA,NA,NA,NA,NA,NA,NA,NA,NA,NA,0,0,NA,NA,NA,NA,"low",2,2,1,"large"
"121","D22",1,NA,NA,NA,NA,NA,NA,1,2,1,1,1,2,4,4,1,4,NA,NA,4,4,23,5,5,7,61,0,1,1961,2,1,199,1,199,2022-04-02 09:47:11,"-99",2022-04-02 03:46:20,2022-04-02 04:01:03,16,100,882,"",1,"
2-Apr-22",4,2,1,2,2,NA,NA,0,0,0,0,1,0,0,0,0,0,0,0,NA,1,2,2,1,0,0,NA,NA,NA,NA,NA,NA,1,1,1,NA,NA,NA,NA,NA,NA,NA,NA,NA,NA,NA,NA,NA,NA,1,0,0,0,0,0,0,0,0,0,1,0,0,0,0,0,0,0,0,0,0,0,0,0,0,0,0,0,0,0,0,0,0,NA,NA,NA,NA,NA,NA,NA,NA,NA,NA,NA,NA,NA,NA,NA,NA,NA,NA,NA,NA,NA,NA,NA,NA,3,NA,NA,NA,NA,NA,NA,NA,NA,NA,NA,NA,NA,NA,NA,NA,NA,NA,NA,NA,NA,NA,NA,NA,NA,NA,NA,NA,NA,NA,NA,NA,NA,NA,NA,NA,NA,NA,NA,NA,NA,NA,NA,NA,NA,NA,NA,NA,NA,NA,NA,NA,"low",0,0,0,"large"
"122","D22",1,NA,NA,NA,NA,NA,NA,5,5,3,3,5,5,5,5,1,3,NA,NA,5,4,27,5,5,7,28,4,404,1994,2,4,200,1,200,2022-04-02 09:47:13,"-99",2022-04-02 04:01:37,2022-04-02 05:47:15,16,100,6338,"",1,"
2-Apr-22",4,3,1,2,1,NA,NA,0,0,1,0,1,0,0,0,0,0,0,0,NA,2,1,3,1,0,0,1,1,NA,NA,NA,NA,NA,NA,5,NA,NA,NA,NA,NA,NA,NA,NA,NA,NA,NA,NA,NA,NA,0,0,0,0,0,1,1,0,0,0,0,1,1,1,0,1,0,0,0,0,0,0,0,1,0,1,0,0,1,0,0,1,1,2,NA,1,1,7,NA,1,NA,NA,NA,NA,NA,NA,NA,1,NA,7,NA,NA,7,NA,NA,2,7,1,1,1,0,1,NA,399,148,NA,NA,NA,NA,NA,NA,NA,NA,NA,NA,3,0,0,0,0,0,1,1,0,0,0,1,NA,0,NA,NA,NA,NA,NA,NA,NA,NA,NA,0,0,NA,0,NA,NA,NA,NA,NA,NA,NA,"low",2,2,0,"large"
"123","D24",1,NA,NA,NA,NA,NA,NA,3,5,2,3,3,5,4,3,3,4,NA,NA,4,4,20,5,5,7,29,9,379,1993,1,4,174,1,174,2022-04-02 09:36:21,"-99",2022-04-02 06:25:45,2022-04-02 06:29:30,16,100,225,"",1,"
2-Apr-22",4,3,1,2,1,NA,NA,0,0,1,0,1,1,1,1,0,1,0,0,NA,6,1,-99,1,0,0,1,0,0,1,NA,NA,NA,NA,5,NA,NA,NA,NA,NA,NA,NA,NA,NA,NA,NA,NA,NA,NA,0,0,0,0,0,1,0,0,0,0,0,0,1,0,0,0,0,0,0,0,0,0,0,1,0,0,0,0,0,0,0,0,0,1,NA,NA,NA,NA,NA,NA,NA,NA,NA,NA,NA,NA,NA,NA,NA,NA,NA,NA,NA,NA,NA,NA,NA,2,NA,NA,NA,NA,NA,NA,NA,NA,NA,NA,NA,NA,NA,NA,NA,NA,NA,NA,NA,NA,NA,NA,NA,NA,NA,NA,NA,NA,NA,NA,NA,NA,NA,NA,NA,NA,NA,NA,NA,NA,NA,NA,NA,NA,NA,NA,NA,NA,NA,NA,NA,"low",1,0,0,"large"
"124","D24",1,NA,NA,NA,NA,NA,NA,5,5,3,3,5,5,5,5,1,2,NA,NA,5,5,29,5,5,7,58,37,349,1964,2,4,191,1,191,2022-04-02 09:42:41,"-99",2022-04-02 05:44:36,2022-04-02 06:37:36,16,100,3180,"",1,"
2-Apr-22",4,3,1,2,1,NA,NA,0,0,1,0,1,1,0,1,0,0,0,0,NA,4,1,-99,1,0,0,1,1,NA,NA,NA,NA,NA,NA,5,NA,NA,NA,NA,NA,NA,NA,NA,NA,NA,NA,NA,NA,NA,0,0,0,0,0,1,0,0,0,0,0,0,1,0,0,1,1,0,0,1,0,1,0,1,0,1,0,0,0,0,0,0,0,1,NA,NA,NA,NA,NA,NA,NA,NA,NA,NA,NA,NA,NA,NA,NA,NA,NA,NA,NA,NA,NA,NA,NA,1,1,1,0,1,NA,-99,-99,NA,NA,NA,NA,NA,NA,NA,NA,NA,NA,-99,0,0,1,0,0,0,0,0,0,0,0,NA,1,NA,NA,1,1,NA,NA,NA,NA,NA,1,NA,NA,1,NA,NA,NA,NA,NA,NA,NA,"low",1,0,5,"large"
"125","D24",1,NA,NA,NA,NA,NA,NA,3,6,2,3,3,6,5,5,1,2,NA,NA,5,5,29,5,4,6,26,-99,369,1996,2,4,201,1,201,2022-04-02 09:47:14,"-99",2022-04-02 05:47:30,2022-04-02 06:28:33,16,100,2463,"",1,"
2-Apr-22",4,3,1,2,1,NA,NA,0,0,1,0,1,1,0,1,0,0,0,0,NA,4,1,4,1,0,0,1,1,NA,NA,NA,NA,NA,NA,5,NA,NA,NA,NA,NA,NA,NA,NA,NA,NA,NA,NA,NA,NA,0,0,0,1,0,1,1,0,0,0,0,0,0,0,1,0,0,0,0,0,0,0,0,0,0,0,0,1,0,0,0,0,0,1,NA,NA,NA,NA,NA,NA,NA,NA,NA,NA,NA,NA,NA,NA,NA,NA,NA,NA,NA,NA,NA,NA,NA,2,NA,NA,NA,NA,NA,NA,NA,NA,NA,NA,NA,NA,NA,NA,NA,NA,NA,NA,NA,NA,NA,NA,NA,NA,NA,NA,NA,NA,NA,NA,NA,NA,NA,NA,NA,NA,NA,NA,NA,NA,NA,NA,NA,NA,NA,NA,NA,NA,NA,NA,NA,"low",3,0,0,"large"
"126","D28",1,NA,NA,NA,NA,NA,NA,4,4,2,2,4,4,5,5,1,3,NA,NA,5,5,28,5,5,7,24,5,324,1998,1,4,175,1,175,2022-04-02 09:36:22,"Kikke p√• sn√∏dekket etter den siste tidas v√¶r. Pr√∏ve √• finne kantkorn.",2022-04-02 06:29:36,2022-04-02 07:18:36,16,100,2939,"",1,"
2-Apr-22",4,3,1,2,1,NA,NA,0,0,0,0,1,1,0,1,0,0,0,1,1,4,1,4,1,0,0,1,1,NA,NA,NA,NA,NA,NA,4,NA,NA,NA,NA,NA,NA,NA,NA,NA,NA,NA,NA,NA,NA,0,0,0,0,0,1,1,0,0,0,0,1,1,1,0,0,0,0,1,0,0,0,0,1,1,1,0,1,1,0,1,1,0,2,NA,1,1,1,NA,NA,NA,NA,7,NA,NA,NA,NA,1,5,7,NA,2,5,NA,2,7,NA,1,1,0,0,1,NA,435,309,NA,NA,NA,NA,NA,NA,NA,NA,NA,NA,3,0,0,0,0,0,1,1,0,0,0,0,0,1,1,NA,NA,NA,NA,NA,NA,NA,NA,NA,1,1,0,0,NA,0,0,0,NA,0,"high",2,2,4,"large"
"127","D28",1,NA,NA,NA,NA,NA,NA,NA,NA,2,2,3,4,5,5,2,5,NA,NA,4,4,23,4,4,6,26,4,10,1996,NA,NA,180,1,180,2022-04-02 09:37:52,"-99",2022-04-02 07:05:26,2022-04-02 07:13:32,16,100,486,"",1,"
2-Apr-22",4,3,2,2,1,NA,NA,0,0,0,0,0,0,0,1,0,0,0,0,NA,1,1,4,1,0,0,1,1,NA,NA,NA,NA,NA,NA,4,NA,NA,NA,NA,NA,NA,NA,NA,NA,NA,NA,NA,NA,NA,0,0,0,0,0,1,0,0,0,0,0,0,0,0,0,0,0,0,0,0,1,0,0,0,0,0,0,1,0,0,0,0,0,1,NA,NA,NA,NA,NA,NA,NA,NA,NA,NA,NA,NA,NA,NA,NA,NA,NA,NA,NA,NA,NA,NA,NA,1,1,0,0,2,NA,NA,NA,476,347,NA,NA,NA,NA,NA,NA,NA,NA,1,0,0,1,0,0,0,0,0,0,0,0,NA,NA,NA,NA,NA,NA,NA,NA,NA,NA,NA,NA,NA,NA,NA,NA,NA,NA,NA,NA,1,NA,"high",1,0,1,"large"
"128","D28",1,NA,NA,NA,NA,NA,NA,NA,NA,NA,NA,NA,NA,5,5,2,5,5,2,4,4,23,4,3,7,NA,NA,NA,NA,NA,NA,183,1,183,2022-04-02 09:39:20,"-99",2022-04-02 06:35:57,2022-04-02 07:10:54,16,100,2096,"",1,"
2-Apr-22",4,3,2,2,1,NA,NA,0,0,0,0,0,1,0,0,0,0,0,0,NA,1,1,4,1,0,0,1,1,NA,NA,NA,NA,NA,NA,4,NA,NA,NA,NA,NA,NA,NA,NA,NA,NA,NA,NA,NA,NA,0,0,0,0,0,1,1,1,1,0,0,1,1,0,0,1,0,0,0,0,1,1,0,0,1,0,0,0,0,0,0,1,0,2,NA,1,1,NA,NA,1,NA,NA,NA,NA,1,7,NA,NA,5,NA,NA,NA,NA,NA,NA,2,NA,1,1,0,0,1,NA,411,339,NA,NA,NA,NA,NA,NA,NA,NA,NA,NA,3,0,0,0,0,0,0,1,0,0,0,0,0,1,NA,NA,NA,NA,NA,NA,NA,0,NA,NA,NA,1,NA,NA,NA,NA,NA,NA,1,NA,"high",4,1,3,"large"
"129","D29",1,1,1,NA,NA,NA,NA,4,5,2,3,4,5,1,1,1,1,NA,NA,5,5,22,5,5,7,22,10,329,2000,2,3,188,1,188,2022-04-02 09:41:21,"-99",2022-04-02 06:59:26,2022-04-02 07:24:18,16,100,1492,"",1,"
2-Apr-22",4,2,1,2,1,NA,NA,0,0,0,1,0,0,0,0,0,0,0,0,NA,1,2,5,2,1,0,NA,NA,NA,NA,NA,NA,NA,NA,NA,3,NA,NA,NA,NA,NA,NA,NA,NA,NA,NA,NA,NA,NA,0,0,0,1,0,1,0,0,1,0,0,0,1,0,1,0,0,0,0,0,1,1,0,0,0,0,0,0,1,0,0,0,0,1,NA,NA,NA,NA,NA,NA,NA,NA,NA,NA,NA,NA,NA,NA,NA,NA,NA,NA,NA,NA,NA,NA,NA,1,1,1,0,1,NA,NA,NA,NA,NA,-99,-99,NA,NA,NA,NA,NA,NA,1,0,0,0,1,0,1,0,0,0,0,1,NA,NA,NA,0,0,NA,NA,NA,NA,NA,0,NA,NA,NA,NA,NA,NA,NA,NA,NA,NA,NA,"low",3,2,0,"small"
"130","D29",1,1,1,NA,NA,NA,NA,4,5,2,3,4,5,1,3,3,3,NA,NA,2,-99,-87,5,5,7,22,7,319,2000,2,3,193,1,193,2022-04-02 09:42:43,"-99",2022-04-02 07:02:03,2022-04-02 07:20:42,16,100,1118,"",1,"
2-Apr-22",4,2,1,2,1,NA,NA,0,0,1,0,0,0,0,0,0,0,0,0,NA,1,1,5,2,1,0,NA,NA,NA,NA,NA,NA,NA,NA,NA,3,NA,NA,NA,NA,NA,NA,NA,NA,NA,NA,NA,NA,NA,0,0,0,0,0,1,0,1,0,0,0,0,0,1,0,0,0,0,0,0,1,0,1,0,0,0,0,0,0,0,0,0,0,1,NA,NA,NA,NA,NA,NA,NA,NA,NA,NA,NA,NA,NA,NA,NA,NA,NA,NA,NA,NA,NA,NA,NA,1,1,0,0,1,NA,NA,NA,NA,NA,-99,-99,NA,NA,NA,NA,NA,NA,1,0,0,1,0,0,0,0,0,0,0,0,NA,NA,0,NA,NA,NA,NA,NA,NA,NA,NA,NA,NA,NA,NA,NA,NA,NA,1,NA,NA,NA,"low",2,0,1,"small"
"131","D3",1,NA,NA,NA,NA,NA,NA,5,6,3,3,5,6,4,5,5,4,2,3,4,4,20,4,5,7,48,30,329,1974,2,2,3,1,3,2022-03-26 12:31:34,"Renne",2022-03-26 06:39:43,2022-03-26 07:23:24,16,100,2621,"",1,"
26-Mar-22",1,3,1,1,1,NA,NA,0,0,0,1,0,1,0,1,0,0,0,1,1,4,1,5,3,NA,1,NA,NA,NA,NA,NA,NA,NA,NA,NA,NA,-99,NA,NA,NA,NA,NA,NA,NA,1,1,NA,NA,NA,0,0,0,1,1,1,0,0,0,0,0,1,1,1,1,1,1,0,0,1,0,1,1,1,1,1,1,1,1,1,1,1,1,2,NA,1,1,1,1,1,1,NA,NA,8,NA,5,1,1,5,5,1,2,5,1,2,2,2,1,1,0,0,1,NA,NA,NA,NA,NA,NA,NA,NA,NA,272,343,NA,NA,5,0,0,0,1,1,1,0,0,0,0,NA,NA,NA,NA,NA,NA,NA,NA,NA,NA,NA,NA,NA,NA,NA,NA,NA,NA,NA,NA,NA,NA,NA,"high",3,3,0,"large"
"132","D3",1,NA,NA,NA,NA,NA,NA,3,3,2,2,3,3,5,4,3,5,4,2,5,5,23,5,4,5,26,4,369,1996,1,2,6,1,6,2022-03-26 12:31:40,"-99",2022-03-26 06:39:08,2022-03-26 07:12:10,16,100,1982,"",1,"
26-Mar-22",1,3,1,1,1,NA,NA,0,0,0,0,1,1,1,0,1,1,0,0,NA,5,1,4,3,NA,1,NA,NA,NA,NA,NA,NA,NA,NA,NA,NA,-99,NA,NA,NA,NA,NA,NA,NA,1,1,NA,NA,NA,0,0,0,1,0,0,0,0,0,1,0,1,1,0,1,1,1,0,0,1,1,1,0,0,1,0,0,1,0,1,1,1,0,2,NA,1,5,NA,1,3,3,NA,NA,8,1,2,NA,NA,7,NA,NA,7,NA,7,7,7,NA,1,1,0,0,1,NA,NA,NA,NA,NA,NA,NA,NA,NA,251,494,NA,NA,4,0,0,0,1,0,0,0,0,0,0,NA,NA,NA,NA,NA,NA,NA,NA,NA,NA,NA,NA,NA,NA,NA,NA,NA,NA,NA,NA,NA,NA,NA,"high",2,1,0,"large"
"133","D3",1,NA,NA,NA,NA,NA,NA,4,5,2,3,4,5,4,4,3,3,4,4,3,4,21,4,5,6,26,4,349,1996,2,4,16,1,16,2022-03-26 12:32:41,"Adrenalin kick",2022-03-26 06:32:54,2022-03-26 07:11:22,16,100,2307,"",1,"
26-Mar-22",1,3,1,1,1,NA,NA,0,0,0,0,0,1,1,1,0,1,0,1,1,5,1,4,3,NA,1,NA,NA,NA,NA,NA,NA,NA,NA,NA,NA,-99,NA,NA,NA,NA,NA,NA,NA,1,1,NA,NA,NA,0,0,0,1,0,1,0,0,0,0,0,1,0,0,1,0,0,0,0,0,1,1,1,1,1,1,1,1,1,1,1,1,1,2,NA,1,NA,NA,1,NA,NA,NA,NA,NA,7,4,5,1,7,7,5,3,2,2,2,2,7,1,1,0,0,1,NA,NA,NA,NA,NA,NA,NA,NA,NA,286,338,NA,NA,4,0,0,0,1,0,0,0,0,0,0,NA,NA,NA,NA,NA,NA,NA,NA,NA,NA,NA,NA,NA,NA,NA,NA,NA,NA,NA,NA,NA,NA,NA,"high",2,1,0,"large"
"134","D4",1,NA,NA,NA,NA,NA,NA,5,6,3,3,5,6,5,5,1,4,6,3,5,5,27,5,5,7,35,25,399,1987,1,4,7,1,7,2022-03-26 12:31:41,"-99",2022-03-26 07:12:48,2022-03-26 07:51:42,16,100,2333,"",1,"
26-Mar-22",1,2,1,1,1,NA,NA,0,0,0,0,1,1,0,1,0,0,0,0,NA,3,1,3,3,NA,1,NA,NA,NA,NA,NA,NA,NA,NA,NA,NA,1,1,NA,NA,NA,NA,NA,NA,NA,NA,NA,NA,NA,0,0,0,1,1,1,0,0,0,0,0,1,1,0,0,1,1,0,0,0,1,0,0,1,0,1,0,0,1,0,0,0,1,2,NA,1,1,NA,NA,5,3,NA,NA,NA,8,NA,NA,1,NA,7,NA,NA,2,NA,NA,NA,2,1,1,1,0,1,NA,NA,NA,NA,NA,NA,NA,NA,NA,418,605,NA,NA,3,0,0,0,0,1,1,0,0,0,0,NA,NA,NA,NA,NA,NA,NA,NA,NA,NA,NA,NA,NA,NA,NA,NA,NA,NA,NA,NA,NA,NA,NA,"high",3,2,0,"small"
"135","D4",1,NA,NA,NA,NA,NA,NA,4,4,2,2,4,4,5,5,5,2,2,5,5,5,25,5,5,7,25,14,329,1997,1,4,17,1,17,2022-03-26 12:32:42,"-99",2022-03-26 07:12:55,2022-03-26 07:36:10,16,100,1395,"",1,"
26-Mar-22",1,2,1,1,1,NA,NA,0,0,0,0,1,1,1,1,0,0,0,0,NA,4,1,4,3,NA,1,NA,NA,NA,NA,NA,NA,NA,NA,NA,NA,1,1,NA,NA,NA,NA,NA,NA,NA,NA,NA,NA,NA,0,0,0,0,1,1,1,0,0,0,0,1,1,0,1,1,1,1,1,1,1,1,0,1,1,0,0,0,1,1,0,1,1,1,NA,NA,NA,NA,NA,NA,NA,NA,NA,NA,NA,NA,NA,NA,NA,NA,NA,NA,NA,NA,NA,NA,NA,1,1,1,1,2,NA,NA,NA,NA,NA,NA,NA,NA,NA,NA,NA,617,151,1,0,0,0,0,1,1,1,0,0,0,NA,NA,NA,NA,NA,NA,NA,NA,NA,NA,NA,NA,NA,NA,NA,NA,NA,NA,NA,NA,NA,NA,NA,"high",3,3,0,"small"
"136","D5",1,NA,NA,NA,NA,NA,NA,4,4,2,2,4,4,5,5,5,4,2,3,5,5,23,5,5,7,23,-99,314,1999,2,4,29,1,29,2022-03-26 13:30:46,"-99",2022-03-26 07:32:58,2022-03-26 09:24:38,16,100,6700,"",1,"
26-Mar-22",1,3,1,1,1,NA,NA,0,0,1,0,0,0,0,0,0,0,0,0,NA,1,7,5,3,NA,1,NA,NA,NA,NA,NA,NA,NA,NA,NA,NA,1,1,NA,NA,NA,NA,NA,NA,NA,NA,NA,NA,NA,0,0,0,0,0,1,0,0,0,0,0,0,0,0,0,0,0,0,0,0,0,1,0,0,0,0,0,0,0,0,0,0,0,1,NA,NA,NA,NA,NA,NA,NA,NA,NA,NA,NA,NA,NA,NA,NA,NA,NA,NA,NA,NA,NA,NA,NA,1,0,1,0,1,NA,NA,NA,NA,NA,NA,NA,NA,NA,397,416,NA,NA,6,NA,NA,NA,NA,NA,NA,NA,NA,NA,NA,NA,NA,NA,NA,NA,NA,NA,NA,NA,NA,NA,NA,NA,NA,NA,NA,NA,NA,NA,NA,NA,NA,NA,"high",1,0,0,"large"
"137","D5",1,NA,NA,NA,NA,NA,NA,1,3,1,2,1,3,5,5,1,5,6,2,4,5,25,5,5,7,23,2,301,1999,2,2,35,1,35,2022-03-26 13:31:56,"-99",2022-03-26 07:30:39,2022-03-26 09:30:13,16,100,7174,"",1,"
26-Mar-22",1,3,1,1,1,NA,NA,0,0,1,0,1,1,1,1,1,1,0,0,NA,7,1,4,3,NA,1,NA,NA,NA,NA,NA,NA,NA,NA,NA,NA,1,1,NA,NA,NA,NA,NA,NA,NA,NA,NA,NA,NA,0,0,1,0,0,0,0,0,0,0,1,0,0,0,0,0,0,0,0,0,0,0,0,0,0,0,0,0,0,0,0,0,0,NA,NA,NA,NA,NA,NA,NA,NA,NA,NA,NA,NA,NA,NA,NA,NA,NA,NA,NA,NA,NA,NA,NA,NA,1,1,0,0,2,NA,NA,NA,NA,NA,NA,NA,NA,NA,NA,NA,771,152,5,1,0,0,0,0,0,0,0,0,0,NA,NA,NA,NA,NA,NA,NA,NA,NA,NA,NA,NA,NA,NA,NA,NA,NA,NA,NA,NA,NA,NA,NA,"high",1,0,0,"large"
"138","D5",1,NA,NA,NA,NA,NA,NA,4,4,2,2,4,4,5,5,2,4,5,3,5,5,26,4,5,7,23,14,319,1999,2,4,46,1,46,2022-03-26 13:33:13,"-99",2022-03-26 07:31:22,2022-03-26 09:26:31,16,100,6909,"",1,"
26-Mar-22",1,3,1,1,1,NA,NA,0,0,0,0,0,1,0,1,0,0,0,0,NA,2,1,4,3,NA,1,NA,NA,NA,NA,NA,NA,NA,NA,NA,NA,1,1,NA,NA,NA,NA,NA,NA,NA,NA,NA,NA,NA,0,0,0,1,1,0,0,0,0,0,0,0,0,0,1,1,0,0,0,0,0,1,0,0,0,1,0,0,0,0,0,0,0,1,NA,NA,NA,NA,NA,NA,NA,NA,NA,NA,NA,NA,NA,NA,NA,NA,NA,NA,NA,NA,NA,NA,NA,2,NA,NA,NA,NA,NA,NA,NA,NA,NA,NA,NA,NA,NA,NA,NA,NA,NA,NA,NA,NA,NA,NA,NA,NA,NA,NA,NA,NA,NA,NA,NA,NA,NA,NA,NA,NA,NA,NA,NA,NA,NA,NA,NA,NA,NA,NA,NA,NA,NA,NA,NA,"high",2,0,0,"large"
"139","D7",1,NA,NA,NA,NA,NA,NA,4,5,2,3,4,5,5,5,5,5,NA,NA,5,5,22,5,5,7,59,-99,339,1963,2,4,66,1,66,2022-03-27 11:20:41,"-99",2022-03-27 05:25:41,2022-03-27 05:47:52,16,100,1331,"",1,"
27-Mar-22",2,2,1,1,1,NA,NA,0,0,0,0,1,0,0,0,0,0,0,0,NA,1,1,3,3,NA,1,NA,NA,NA,NA,NA,NA,NA,NA,NA,NA,1,1,NA,NA,NA,NA,NA,NA,NA,NA,NA,NA,NA,0,0,1,0,0,0,0,0,0,0,0,0,0,0,0,0,1,0,0,1,1,1,0,0,0,0,0,0,0,0,0,0,1,2,NA,NA,NA,NA,NA,NA,6,NA,NA,6,6,6,NA,NA,NA,NA,NA,NA,NA,NA,NA,NA,6,1,1,1,0,2,NA,NA,NA,NA,NA,NA,NA,NA,NA,NA,NA,-99,-99,1,0,1,0,0,0,0,0,0,0,0,NA,NA,NA,NA,NA,NA,NA,NA,NA,NA,NA,NA,NA,NA,NA,NA,NA,NA,NA,NA,NA,NA,NA,"high",1,0,0,"small"
"140","D7",1,NA,NA,NA,NA,NA,NA,1,1,1,1,1,1,5,5,3,5,NA,NA,5,5,24,5,5,7,55,4,302,1967,1,1,92,1,92,2022-03-27 11:27:01,"-99",2022-03-27 05:30:36,2022-03-27 05:44:54,16,100,858,"",1,"
27-Mar-22",2,2,1,1,1,NA,NA,0,0,1,0,0,0,0,0,0,0,0,0,NA,1,2,3,3,NA,1,NA,NA,NA,NA,NA,NA,NA,NA,NA,NA,1,1,NA,NA,NA,NA,NA,NA,NA,NA,NA,NA,NA,0,1,0,0,0,0,0,0,0,0,0,0,0,0,0,1,1,0,0,0,0,1,0,0,0,0,0,0,0,0,0,0,0,1,NA,NA,NA,NA,NA,NA,NA,NA,NA,NA,NA,NA,NA,NA,NA,NA,NA,NA,NA,NA,NA,NA,NA,1,0,1,0,2,NA,NA,NA,NA,NA,NA,NA,NA,NA,NA,NA,-99,-99,4,NA,NA,NA,NA,NA,NA,NA,NA,NA,NA,NA,NA,NA,NA,NA,NA,NA,NA,NA,NA,NA,NA,NA,NA,NA,NA,NA,NA,NA,NA,NA,NA,NA,"high",0,0,0,"small"
"141","G1",1,NA,NA,NA,NA,NA,NA,4,4,2,2,4,4,4,4,1,2,NA,NA,3,3,23,4,3,5,23,3,349,1999,1,4,252,1,252,2022-04-04 12:17:45,"-99",2022-04-04 05:09:06,2022-04-04 05:22:22,16,100,795,"",1,"
4-Apr-22",6,5,1,2,1,3,NA,0,0,1,0,1,1,0,1,0,0,0,0,NA,4,1,3,1,0,0,1,1,NA,NA,NA,NA,NA,NA,3,NA,NA,NA,NA,NA,NA,NA,NA,NA,NA,NA,NA,NA,NA,0,0,0,0,0,1,1,0,1,0,0,1,1,0,0,1,0,0,1,0,1,0,0,0,0,1,0,1,0,0,0,0,0,1,NA,NA,NA,NA,NA,NA,NA,NA,NA,NA,NA,NA,NA,NA,NA,NA,NA,NA,NA,NA,NA,NA,NA,2,NA,NA,NA,NA,NA,NA,NA,NA,NA,NA,NA,NA,NA,NA,NA,NA,NA,NA,NA,NA,NA,NA,NA,NA,NA,NA,NA,NA,NA,NA,NA,NA,NA,NA,NA,NA,NA,NA,NA,NA,NA,NA,NA,NA,NA,NA,NA,NA,NA,NA,NA,"low",3,0,0,"large"
"142","G1",1,NA,NA,NA,NA,NA,NA,4,4,2,2,4,4,4,4,2,2,NA,NA,4,4,24,5,5,7,22,4,329,2000,1,4,255,1,255,2022-04-04 12:19:35,"-99",2022-04-04 05:07:50,2022-04-04 05:20:56,16,100,786,"",1,"
4-Apr-22",6,5,1,2,1,2,NA,0,0,1,0,1,0,1,1,0,0,0,0,NA,4,1,-99,1,0,0,1,1,NA,NA,NA,NA,NA,NA,2,NA,NA,NA,NA,NA,NA,NA,NA,NA,NA,NA,NA,NA,NA,0,0,0,0,0,0,1,0,0,0,0,0,0,0,0,0,0,0,0,0,1,0,0,0,0,0,0,0,0,0,0,0,0,1,NA,NA,NA,NA,NA,NA,NA,NA,NA,NA,NA,NA,NA,NA,NA,NA,NA,NA,NA,NA,NA,NA,NA,2,NA,NA,NA,NA,NA,NA,NA,NA,NA,NA,NA,NA,NA,NA,NA,NA,NA,NA,NA,NA,NA,NA,NA,NA,NA,NA,NA,NA,NA,NA,NA,NA,NA,NA,NA,NA,NA,NA,NA,NA,NA,NA,NA,NA,NA,NA,NA,NA,NA,NA,NA,"low",1,0,0,"large"
"143","G1",1,NA,NA,NA,NA,NA,NA,4,3,2,2,4,4,5,5,2,4,NA,NA,4,4,24,4,4,6,23,17,25,1999,2,4,258,1,258,2022-04-04 12:22:42,"-99",2022-04-04 05:09:16,2022-04-04 05:14:45,16,100,328,"",1,"
4-Apr-22",6,5,2,2,1,3,NA,0,0,1,0,0,0,0,0,0,0,0,0,NA,1,1,3,1,0,0,1,1,NA,NA,NA,NA,NA,NA,5,NA,NA,NA,NA,NA,NA,NA,NA,NA,NA,NA,NA,NA,NA,0,0,0,0,0,0,0,1,0,0,0,0,1,0,0,0,0,0,1,0,1,0,0,0,1,0,0,0,0,0,0,0,0,2,NA,NA,1,NA,NA,NA,NA,NA,7,NA,7,NA,NA,NA,5,NA,NA,NA,NA,NA,NA,NA,NA,2,NA,NA,NA,NA,NA,NA,NA,NA,NA,NA,NA,NA,NA,NA,NA,NA,NA,NA,NA,NA,NA,NA,NA,NA,NA,NA,NA,NA,NA,NA,NA,NA,NA,NA,NA,NA,NA,NA,NA,NA,NA,NA,NA,NA,NA,NA,NA,NA,NA,NA,NA,"low",1,0,0,"large"
"144","G1",1,NA,NA,NA,NA,NA,NA,5,5,3,3,5,5,5,4,2,2,NA,NA,4,4,25,5,4,7,21,7,349,2001,2,4,263,1,263,2022-04-04 12:26:20,"-99",2022-04-04 05:07:31,2022-04-04 05:21:23,16,100,831,"",1,"
4-Apr-22",6,5,1,2,1,2,NA,0,0,1,1,1,0,1,0,0,0,0,0,NA,4,1,-99,1,0,0,1,1,NA,NA,NA,NA,NA,NA,-99,NA,NA,NA,NA,NA,NA,NA,NA,NA,NA,NA,NA,NA,NA,0,0,0,0,0,0,0,1,0,0,0,1,1,0,0,1,0,0,0,1,0,0,0,0,0,0,0,0,0,0,0,0,0,2,NA,8,-99,NA,NA,-99,NA,NA,NA,-99,NA,NA,NA,NA,NA,NA,NA,NA,NA,NA,NA,NA,NA,1,1,0,0,-99,NA,NA,NA,NA,NA,NA,NA,NA,NA,NA,NA,NA,NA,4,0,0,0,0,0,0,1,0,0,0,0,1,NA,NA,NA,NA,NA,NA,NA,NA,NA,NA,NA,NA,NA,NA,NA,NA,NA,NA,NA,NA,NA,"low",1,1,1,"large"
"145","G1",1,NA,NA,NA,NA,NA,NA,4,4,2,2,4,4,5,5,1,2,NA,NA,4,5,28,5,4,6,23,6,329,1999,1,4,266,1,266,2022-04-04 12:27:42,"-99",2022-04-04 05:10:02,2022-04-04 05:26:08,16,100,966,"",1,"
4-Apr-22",6,5,1,2,1,3,NA,0,0,1,0,1,0,1,1,0,0,0,0,NA,4,1,4,1,0,0,1,1,NA,NA,NA,NA,NA,NA,3,NA,NA,NA,NA,NA,NA,NA,NA,NA,NA,NA,NA,NA,NA,0,0,0,0,0,0,1,1,0,0,0,1,1,1,0,0,0,0,0,0,1,0,0,0,1,0,0,0,0,0,1,1,0,2,NA,1,7,7,NA,NA,NA,NA,NA,NA,1,NA,NA,NA,7,NA,NA,NA,NA,NA,5,5,NA,1,1,0,0,1,NA,-99,-99,NA,NA,NA,NA,NA,NA,NA,NA,NA,NA,1,0,0,0,0,0,0,1,0,0,0,1,0,NA,0,NA,NA,NA,NA,NA,NA,NA,NA,NA,NA,NA,NA,NA,NA,NA,NA,NA,0,NA,"low",2,1,0,"large"
"146","G2",1,NA,NA,NA,NA,NA,NA,3,2,2,1,3,2,5,5,2,4,NA,NA,4,4,24,4,3,7,134,7,324,1888,1,3,253,1,253,2022-04-04 12:17:45,"-99",2022-04-04 05:22:35,2022-04-04 06:16:41,16,100,3246,"",1,"
4-Apr-22",6,4,1,2,1,3,NA,0,0,1,0,0,1,1,1,0,0,0,0,NA,4,1,1,1,0,0,1,0,NA,NA,NA,NA,0,1,1,NA,NA,NA,NA,NA,NA,NA,NA,NA,NA,NA,NA,NA,NA,0,0,0,0,0,0,0,0,1,0,0,1,0,0,0,0,0,0,0,0,0,0,0,1,0,1,0,0,0,0,0,0,0,1,NA,NA,NA,NA,NA,NA,NA,NA,NA,NA,NA,NA,NA,NA,NA,NA,NA,NA,NA,NA,NA,NA,NA,1,1,0,0,1,NA,396,172,NA,NA,NA,NA,NA,NA,NA,NA,NA,NA,2,0,0,1,0,0,0,0,0,0,0,0,NA,NA,NA,NA,NA,NA,NA,NA,NA,NA,NA,NA,1,NA,NA,NA,NA,NA,NA,NA,NA,NA,"high",1,0,1,"large"
"147","G2",1,NA,NA,NA,NA,NA,NA,5,5,3,3,5,5,4,4,4,3,NA,NA,4,3,20,4,4,6,40,18,324,1982,2,3,256,1,256,2022-04-04 12:19:36,"-99",2022-04-04 05:21:02,2022-04-04 06:15:26,16,100,3264,"",1,"
4-Apr-22",6,4,1,2,1,2,NA,0,0,0,0,0,1,1,1,0,0,0,0,NA,3,1,4,1,0,0,1,0,NA,NA,NA,NA,0,1,2,NA,NA,NA,NA,NA,NA,NA,NA,NA,NA,NA,NA,NA,NA,0,0,0,0,0,0,0,1,0,0,0,1,0,0,1,0,0,0,0,0,1,1,0,0,0,0,0,0,0,0,0,0,0,1,NA,NA,NA,NA,NA,NA,NA,NA,NA,NA,NA,NA,NA,NA,NA,NA,NA,NA,NA,NA,NA,NA,NA,1,1,0,0,1,NA,-99,-99,NA,NA,NA,NA,NA,NA,NA,NA,NA,NA,2,0,0,0,0,1,0,0,0,0,0,1,NA,NA,NA,NA,NA,NA,NA,NA,NA,NA,NA,NA,NA,NA,NA,0,NA,NA,NA,NA,NA,NA,"high",1,1,0,"large"
"148","G2",1,NA,NA,NA,NA,NA,NA,5,4,3,2,5,4,4,4,3,4,NA,NA,3,4,20,4,4,6,52,15,339,1970,2,3,264,1,264,2022-04-04 12:26:20,"-99",2022-04-04 05:22:10,2022-04-04 06:26:32,16,100,3862,"",1,"
4-Apr-22",6,4,1,2,1,3,NA,0,0,0,0,1,1,1,0,0,0,0,0,NA,3,1,4,1,0,0,1,1,NA,NA,NA,NA,0,1,2,NA,NA,NA,NA,NA,NA,NA,NA,NA,NA,NA,NA,NA,NA,0,0,0,0,0,1,0,1,1,1,0,1,0,0,0,1,0,0,1,0,1,1,1,1,1,0,0,0,0,0,0,0,0,1,NA,NA,NA,NA,NA,NA,NA,NA,NA,NA,NA,NA,NA,NA,NA,NA,NA,NA,NA,NA,NA,NA,NA,1,1,1,1,1,NA,413,255,NA,NA,NA,NA,NA,NA,NA,NA,NA,NA,3,0,0,1,0,0,0,0,0,0,0,0,1,NA,NA,NA,NA,NA,NA,1,NA,NA,NA,1,1,1,NA,NA,NA,NA,NA,NA,NA,NA,"high",4,0,5,"large"
"149","G2",1,NA,NA,NA,NA,NA,NA,5,5,3,3,5,5,4,4,4,4,NA,NA,5,4,21,4,4,6,57,10,314,1965,1,3,267,1,267,2022-04-04 12:27:43,"-99",2022-04-04 05:45:24,2022-04-04 06:20:04,16,100,2079,"",1,"
4-Apr-22",6,4,1,2,1,2,NA,0,0,0,0,0,1,1,1,0,0,0,0,NA,3,1,-99,1,0,0,1,0,NA,NA,NA,NA,0,1,1,NA,NA,NA,NA,NA,NA,NA,NA,NA,NA,NA,NA,NA,NA,0,0,0,1,1,0,1,0,0,0,0,1,0,0,1,0,1,0,0,1,0,0,0,1,0,0,1,0,0,0,0,0,0,1,NA,NA,NA,NA,NA,NA,NA,NA,NA,NA,NA,NA,NA,NA,NA,NA,NA,NA,NA,NA,NA,NA,NA,1,1,1,0,1,NA,407,173,NA,NA,NA,NA,NA,NA,NA,NA,NA,NA,1,0,0,0,0,0,0,0,0,0,1,0,NA,NA,NA,1,NA,NA,NA,NA,1,NA,NA,NA,1,NA,NA,NA,NA,NA,NA,NA,NA,0,"high",3,1,3,"large"
"150","G3",1,NA,NA,NA,NA,NA,NA,3,5,2,3,3,5,4,5,2,2,NA,NA,4,5,26,5,4,6,25,5,309,1997,2,3,254,1,254,2022-04-04 12:17:47,"-99",2022-04-04 06:16:52,2022-04-04 07:30:58,16,100,4446,"",1,"
4-Apr-22",6,3,1,2,1,3,NA,0,0,1,0,0,1,1,1,0,0,0,0,NA,4,1,1,1,0,0,1,1,NA,NA,NA,NA,NA,NA,1,NA,NA,NA,NA,NA,NA,NA,NA,NA,NA,NA,NA,NA,NA,0,0,0,0,0,1,1,0,0,0,0,0,0,0,1,1,0,0,0,1,1,0,0,1,1,1,0,0,0,0,0,0,0,2,NA,NA,NA,NA,5,1,NA,NA,NA,4,1,NA,NA,1,5,7,NA,NA,NA,NA,NA,NA,NA,1,1,1,0,1,NA,419,346,NA,NA,NA,NA,NA,NA,NA,NA,NA,NA,1,0,0,0,1,1,0,0,0,0,0,0,NA,NA,NA,NA,1,NA,NA,NA,0,NA,NA,1,1,0,0,NA,NA,NA,NA,0,NA,NA,"low",2,2,3,"large"
"151","G3",1,NA,NA,NA,NA,NA,NA,3,4,2,2,3,4,5,5,1,2,NA,NA,5,5,29,5,5,5,24,2,319,1998,1,4,265,1,265,2022-04-04 12:26:22,"-99",2022-04-04 06:26:44,2022-04-04 07:27:04,16,100,3620,"",1,"
4-Apr-22",6,3,1,2,1,3,NA,0,0,1,0,1,1,1,1,0,0,0,0,NA,5,1,4,1,0,0,1,1,NA,NA,NA,NA,NA,NA,1,NA,NA,NA,NA,NA,NA,NA,NA,NA,NA,NA,NA,NA,NA,0,0,0,0,0,1,1,0,0,0,0,1,1,0,0,0,0,0,0,0,1,0,0,0,0,0,0,0,0,0,0,0,0,1,NA,NA,NA,NA,NA,NA,NA,NA,NA,NA,NA,NA,NA,NA,NA,NA,NA,NA,NA,NA,NA,NA,NA,1,0,1,0,1,NA,-99,-99,NA,NA,NA,NA,NA,NA,NA,NA,NA,NA,4,NA,NA,NA,NA,NA,NA,NA,NA,NA,NA,NA,NA,NA,NA,NA,NA,NA,NA,NA,NA,NA,NA,NA,NA,NA,NA,NA,NA,NA,NA,NA,NA,NA,"low",2,0,0,"large"
"152","G3",1,NA,NA,NA,NA,NA,NA,3,4,2,2,3,4,5,5,1,2,NA,NA,5,5,29,5,4,6,27,3,313,1995,2,4,268,1,268,2022-04-04 12:27:44,"-99",2022-04-04 07:11:44,2022-04-04 07:27:46,16,100,961,"",1,"
4-Apr-22",6,3,1,2,1,3,NA,0,0,1,0,1,1,1,1,0,0,0,0,NA,5,2,4,1,0,0,1,1,NA,NA,NA,NA,NA,NA,1,NA,NA,NA,NA,NA,NA,NA,NA,NA,NA,NA,NA,NA,NA,0,0,0,0,0,0,1,0,0,0,0,1,1,0,0,0,0,0,0,0,0,0,0,0,0,0,0,0,0,0,0,0,0,1,NA,NA,NA,NA,NA,NA,NA,NA,NA,NA,NA,NA,NA,NA,NA,NA,NA,NA,NA,NA,NA,NA,NA,1,0,1,0,2,NA,NA,NA,328,93,NA,NA,NA,NA,NA,NA,NA,NA,1,NA,NA,NA,NA,NA,NA,NA,NA,NA,NA,NA,NA,NA,NA,NA,NA,NA,NA,NA,NA,NA,NA,NA,NA,NA,NA,NA,NA,NA,NA,NA,NA,NA,"low",1,0,0,"large"
